205998503,4.01,1,NYS Math Exam 2011,1,2011
206599797,4.12,1,NYS Math Exam 2011,1,2011
214951824,4.27,1,NYS Math Exam 2011,1,2011
206566291,4.04,1,NYS Math Exam 2011,1,2011
203283502,3.42,1,NYS Math Exam 2011,1,2011
207525593,4.14,1,NYS Math Exam 2011,1,2011
207907106,4.01,1,NYS Math Exam 2011,1,2011
204196521,3.50,1,NYS Math Exam 2011,1,2011
205902307,3.62,1,NYS Math Exam 2011,1,2011
207819848,3.96,1,NYS Math Exam 2011,1,2011
207390139,3.96,1,NYS Math Exam 2011,1,2011
221100092,4.01,1,NYS Math Exam 2011,1,2011
215251596,4.14,1,NYS Math Exam 2011,1,2011
205933732,4.07,1,NYS Math Exam 2011,1,2011
207647488,4.21,1,NYS Math Exam 2011,1,2011
205694086,4.14,1,NYS Math Exam 2011,1,2011
207205196,3.50,1,NYS Math Exam 2011,1,2011
207356320,4.07,1,NYS Math Exam 2011,1,2011
205907991,4.17,1,NYS Math Exam 2011,1,2011
209636786,4.04,1,NYS Math Exam 2011,1,2011
208495127,4.27,1,NYS Math Exam 2011,1,2011
232157230,,1,NYS Math Exam 2011,1,2011
205585672,3.42,1,NYS Math Exam 2011,1,2011
206079097,4.14,1,NYS Math Exam 2011,1,2011
205336977,3.35,1,NYS Math Exam 2011,1,2011
205902422,3.69,1,NYS Math Exam 2011,1,2011
205585680,3.77,1,NYS Math Exam 2011,1,2011
205566656,3.62,1,NYS Math Exam 2011,1,2011
206047185,4.06,1,NYS Math Exam 2011,1,2011
208542514,3.54,1,NYS Math Exam 2011,1,2011
205801160,3.85,1,NYS Math Exam 2011,1,2011
207757402,3.69,1,NYS Math Exam 2011,1,2011
207249673,4.12,1,NYS Math Exam 2011,1,2011
206451247,3.85,1,NYS Math Exam 2011,1,2011
208542688,4.07,1,NYS Math Exam 2011,1,2011
207176116,4.17,1,NYS Math Exam 2011,1,2011
205801202,3.50,1,NYS Math Exam 2011,1,2011
206007965,4.09,1,NYS Math Exam 2011,1,2011
214574535,4.06,1,NYS Math Exam 2011,1,2011
205254253,3.15,1,NYS Math Exam 2011,1,2011
205560873,4.12,1,NYS Math Exam 2011,1,2011
205585706,3.15,1,NYS Math Exam 2011,1,2011
205933237,4.02,1,NYS Math Exam 2011,1,2011
207027483,4.17,1,NYS Math Exam 2011,1,2011
208119750,4.02,1,NYS Math Exam 2011,1,2011
208270918,3.04,1,NYS Math Exam 2011,1,2011
208872796,4.35,1,NYS Math Exam 2011,1,2011
204853261,4.27,1,NYS Math Exam 2011,1,2011
207027475,4.14,1,NYS Math Exam 2011,1,2011
207469941,3.54,1,NYS Math Exam 2011,1,2011
205801699,4.09,1,NYS Math Exam 2011,1,2011
205585714,2.88,1,NYS Math Exam 2011,1,2011
205933583,3.35,1,NYS Math Exam 2011,1,2011
226589810,4.07,1,NYS Math Exam 2011,1,2011
207176124,3.54,1,NYS Math Exam 2011,1,2011
206007924,4.07,1,NYS Math Exam 2011,1,2011
205454259,4.02,1,NYS Math Exam 2011,1,2011
207317348,4.14,1,NYS Math Exam 2011,1,2011
205950470,4.06,1,NYS Math Exam 2011,1,2011
207176322,3.62,1,NYS Math Exam 2011,1,2011
206707952,4.12,1,NYS Math Exam 2011,1,2011
205475635,4.06,1,NYS Math Exam 2011,1,2011
205945025,3.62,1,NYS Math Exam 2011,1,2011
206616211,4.09,1,NYS Math Exam 2011,1,2011
204878458,3.77,1,NYS Math Exam 2011,1,2011
207676529,3.96,1,NYS Math Exam 2011,1,2011
205439136,3.85,1,NYS Math Exam 2011,1,2011
204365233,3.85,1,NYS Math Exam 2011,1,2011
205496540,3.96,1,NYS Math Exam 2011,1,2011
206482788,4.07,1,NYS Math Exam 2011,1,2011
205585730,3.96,1,NYS Math Exam 2011,1,2011
205801392,4.35,1,NYS Math Exam 2011,1,2011
205951023,4.35,1,NYS Math Exam 2011,1,2011
207910407,3.27,1,NYS Math Exam 2011,1,2011
206078362,4.17,1,NYS Math Exam 2011,1,2011
205783046,4.01,1,NYS Math Exam 2011,1,2011
205783020,4.12,1,NYS Math Exam 2011,1,2011
205585573,4.06,1,NYS Math Exam 2011,1,2011
205392228,4.14,1,NYS Math Exam 2011,1,2011
206047573,4.14,1,NYS Math Exam 2011,1,2011
207250234,4.12,1,NYS Math Exam 2011,1,2011
207325432,4.02,1,NYS Math Exam 2011,1,2011
206877672,4.21,1,NYS Math Exam 2011,1,2011
206584559,3.04,1,NYS Math Exam 2011,1,2011
205497944,4.17,1,NYS Math Exam 2011,1,2011
206616658,4.17,1,NYS Math Exam 2011,1,2011
207176348,3.54,1,NYS Math Exam 2011,1,2011
205830169,4.07,1,NYS Math Exam 2011,1,2011
207688029,4.01,1,NYS Math Exam 2011,1,2011
204782981,4.04,1,NYS Math Exam 2011,1,2011
205585755,4.14,1,NYS Math Exam 2011,1,2011
205494933,4.27,1,NYS Math Exam 2011,1,2011
215284829,4.04,1,NYS Math Exam 2011,1,2011
205998636,3.50,1,NYS Math Exam 2011,1,2011
206007353,4.35,1,NYS Math Exam 2011,1,2011
205357528,3.15,1,NYS Math Exam 2011,1,2011
206605008,4.21,1,NYS Math Exam 2011,1,2011
207129552,4.04,1,NYS Math Exam 2011,1,2011
219974953,4.04,1,NYS Math Exam 2011,1,2011
205585763,4.01,1,NYS Math Exam 2011,1,2011
206078925,4.35,1,NYS Math Exam 2011,1,2011
206047649,4.35,1,NYS Math Exam 2011,1,2011
205553829,3.50,1,NYS Math Exam 2011,1,2011
205902745,4.07,1,NYS Math Exam 2011,1,2011
226464618,3.54,1,NYS Math Exam 2011,1,2011
204156715,4.01,1,NYS Math Exam 2011,1,2011
205831092,4.06,1,NYS Math Exam 2011,1,2011
205801749,4.12,1,NYS Math Exam 2011,1,2011
206007940,4.09,1,NYS Math Exam 2011,1,2011
205211246,4.09,1,NYS Math Exam 2011,1,2011
205801731,4.12,1,NYS Math Exam 2011,1,2011
205902802,4.17,1,NYS Math Exam 2011,1,2011
207356189,3.62,1,NYS Math Exam 2011,1,2011
207577321,4.07,1,NYS Math Exam 2011,1,2011
226588739,4.17,1,NYS Math Exam 2011,1,2011
207027301,4.27,1,NYS Math Exam 2011,1,2011
207975566,4.01,1,NYS Math Exam 2011,1,2011
206584500,3.50,1,NYS Math Exam 2011,1,2011
208191577,4.06,1,NYS Math Exam 2011,1,2011
215314188,3.77,1,NYS Math Exam 2011,1,2011
207676743,4.21,1,NYS Math Exam 2011,1,2011
206186934,3.54,1,NYS Math Exam 2011,1,2011
205933781,4.07,1,NYS Math Exam 2011,1,2011
206374647,3.69,1,NYS Math Exam 2011,1,2011
205902976,4.17,1,NYS Math Exam 2011,1,2011
205439243,4.02,1,NYS Math Exam 2011,1,2011
206605115,4.12,1,NYS Math Exam 2011,1,2011
205527765,3.77,1,NYS Math Exam 2011,1,2011
207676552,4.12,1,NYS Math Exam 2011,1,2011
205782873,4.27,1,NYS Math Exam 2011,1,2011
207406885,3.42,1,NYS Math Exam 2011,1,2011
205432735,4.17,1,NYS Math Exam 2011,1,2011
226587863,4.12,1,NYS Math Exam 2011,1,2011
215388158,4.14,1,NYS Math Exam 2011,1,2011
206012874,4.06,1,NYS Math Exam 2011,1,2011
207356163,3.15,1,NYS Math Exam 2011,1,2011
207865247,4.09,1,NYS Math Exam 2011,1,2011
205523509,4.17,1,NYS Math Exam 2011,1,2011
208121061,4.06,1,NYS Math Exam 2011,1,2011
207169939,4.09,1,NYS Math Exam 2011,1,2011
205782899,4.21,1,NYS Math Exam 2011,1,2011
205950611,3.50,1,NYS Math Exam 2011,1,2011
207175985,4.04,1,NYS Math Exam 2011,1,2011
207250119,3.85,1,NYS Math Exam 2011,1,2011
204151963,4.02,1,NYS Math Exam 2011,1,2011
206019101,4.17,1,NYS Math Exam 2011,1,2011
205022981,4.06,1,NYS Math Exam 2011,1,2011
206100083,4.02,1,NYS Math Exam 2011,1,2011
209610518,4.35,1,NYS Math Exam 2011,1,2011
205999139,4.21,1,NYS Math Exam 2011,1,2011
205999113,4.12,1,NYS Math Exam 2011,1,2011
205801350,4.06,1,NYS Math Exam 2011,1,2011
207129511,3.54,1,NYS Math Exam 2011,1,2011
207587585,4.07,1,NYS Math Exam 2011,1,2011
205933955,3.50,1,NYS Math Exam 2011,1,2011
206083206,4.01,1,NYS Math Exam 2011,1,2011
205933617,4.50,1,NYS Math Exam 2011,1,2011
208931436,4.09,1,NYS Math Exam 2011,1,2011
205801764,3.77,1,NYS Math Exam 2011,1,2011
205801772,4.14,1,NYS Math Exam 2011,1,2011
205454564,4.27,1,NYS Math Exam 2011,1,2011
205585789,4.35,1,NYS Math Exam 2011,1,2011
209181551,2.82,1,NYS Math Exam 2011,1,2011
205801301,3.69,1,NYS Math Exam 2011,1,2011
205782238,4.07,1,NYS Math Exam 2011,1,2011
205585805,3.69,1,NYS Math Exam 2011,1,2011
207212622,4.02,1,NYS Math Exam 2011,1,2011
207802505,3.96,1,NYS Math Exam 2011,1,2011
207355868,4.06,1,NYS Math Exam 2011,1,2011
205830730,4.02,1,NYS Math Exam 2011,1,2011
206078172,4.14,1,NYS Math Exam 2011,1,2011
214611071,4.04,1,NYS Math Exam 2011,1,2011
206649469,4.04,1,NYS Math Exam 2011,1,2011
207276205,4.27,1,NYS Math Exam 2011,1,2011
207175928,4.06,1,NYS Math Exam 2011,1,2011
205801798,3.96,1,NYS Math Exam 2011,1,2011
207276437,4.09,1,NYS Math Exam 2011,1,2011
207129313,4.14,1,NYS Math Exam 2011,1,2011
206626574,3.27,1,NYS Math Exam 2011,1,2011
207176330,4.07,1,NYS Math Exam 2011,1,2011
208120345,4.21,1,NYS Math Exam 2011,1,2011
206752313,4.01,1,NYS Math Exam 2011,1,2011
206720054,4.12,1,NYS Math Exam 2011,1,2011
207356395,3.69,1,NYS Math Exam 2011,1,2011
207201054,4.09,1,NYS Math Exam 2011,1,2011
204471940,3.27,1,NYS Math Exam 2011,1,2011
205950892,4.07,1,NYS Math Exam 2011,1,2011
205944788,4.12,1,NYS Math Exam 2011,1,2011
206541971,4.14,1,NYS Math Exam 2011,1,2011
206765901,3.08,1,NYS Math Exam 2011,1,2011
206483307,3.54,1,NYS Math Exam 2011,1,2011
206483570,4.06,1,NYS Math Exam 2011,1,2011
206795965,4.02,1,NYS Math Exam 2011,1,2011
205933690,4.12,1,NYS Math Exam 2011,1,2011
207756693,4.14,1,NYS Math Exam 2011,1,2011
215324674,3.10,1,NYS Math Exam 2011,1,2011
208313924,4.07,1,NYS Math Exam 2011,1,2011
208313619,3.10,1,NYS Math Exam 2011,1,2011
209181650,3.29,1,NYS Math Exam 2011,1,2011
207428384,4.28,1,NYS Math Exam 2011,1,2011
208716134,4.10,1,NYS Math Exam 2011,1,2011
207909169,4.07,1,NYS Math Exam 2011,1,2011
208790725,4.22,1,NYS Math Exam 2011,1,2011
208120527,4.05,1,NYS Math Exam 2011,1,2011
205632482,4.17,1,NYS Math Exam 2011,1,2011
206484495,4.03,1,NYS Math Exam 2011,1,2011
208187401,4.07,1,NYS Math Exam 2011,1,2011
208932939,4.10,1,NYS Math Exam 2011,1,2011
208694349,3.77,1,NYS Math Exam 2011,1,2011
207744327,4.14,1,NYS Math Exam 2011,1,2011
205982804,3.65,1,NYS Math Exam 2011,1,2011
208249698,4.03,1,NYS Math Exam 2011,1,2011
207169962,4.22,1,NYS Math Exam 2011,1,2011
208968206,4.03,1,NYS Math Exam 2011,1,2011
207275645,4.05,1,NYS Math Exam 2011,1,2011
219794922,4.22,1,NYS Math Exam 2011,1,2011
207389784,4.07,1,NYS Math Exam 2011,1,2011
207708793,4.17,1,NYS Math Exam 2011,1,2011
207648254,3.55,1,NYS Math Exam 2011,1,2011
207235425,4.14,1,NYS Math Exam 2011,1,2011
205977762,3.87,1,NYS Math Exam 2011,1,2011
207648361,4.28,1,NYS Math Exam 2011,1,2011
208338228,4.03,1,NYS Math Exam 2011,1,2011
207481102,4.14,1,NYS Math Exam 2011,1,2011
208819698,4.14,1,NYS Math Exam 2011,1,2011
208644062,4.22,1,NYS Math Exam 2011,1,2011
207779646,4.50,1,NYS Math Exam 2011,1,2011
231263948,,1,NYS Math Exam 2011,1,2011
208643486,3.23,1,NYS Math Exam 2011,1,2011
207481136,4.01,1,NYS Math Exam 2011,1,2011
207909607,4.07,1,NYS Math Exam 2011,1,2011
208420745,,1,NYS Math Exam 2011,1,2011
207085895,4.03,1,NYS Math Exam 2011,1,2011
205982861,3.48,1,NYS Math Exam 2011,1,2011
207389974,4.07,1,NYS Math Exam 2011,1,2011
208643932,4.14,1,NYS Math Exam 2011,1,2011
208314401,4.14,1,NYS Math Exam 2011,1,2011
207123951,4.37,1,NYS Math Exam 2011,1,2011
207424821,3.48,1,NYS Math Exam 2011,1,2011
207978800,4.22,1,NYS Math Exam 2011,1,2011
208819847,4.10,1,NYS Math Exam 2011,1,2011
207909060,3.42,1,NYS Math Exam 2011,1,2011
207234931,4.28,1,NYS Math Exam 2011,1,2011
208270595,4.22,1,NYS Math Exam 2011,1,2011
207647751,3.94,1,NYS Math Exam 2011,1,2011
207123977,4.14,1,NYS Math Exam 2011,1,2011
207234980,3.87,1,NYS Math Exam 2011,1,2011
209181932,4.07,1,NYS Math Exam 2011,1,2011
214575433,4.03,1,NYS Math Exam 2011,1,2011
207234741,4.07,1,NYS Math Exam 2011,1,2011
231267329,,1,NYS Math Exam 2011,1,2011
208694521,4.10,1,NYS Math Exam 2011,1,2011
209459437,4.37,1,NYS Math Exam 2011,1,2011
207124371,3.42,1,NYS Math Exam 2011,1,2011
208556837,3.94,1,NYS Math Exam 2011,1,2011
208211912,4.14,1,NYS Math Exam 2011,1,2011
207185398,4.17,1,NYS Math Exam 2011,1,2011
208313668,4.10,1,NYS Math Exam 2011,1,2011
207648270,4.05,1,NYS Math Exam 2011,1,2011
207389792,3.48,1,NYS Math Exam 2011,1,2011
205629553,3.94,1,NYS Math Exam 2011,1,2011
203921846,4.01,1,NYS Math Exam 2011,1,2011
207234956,4.05,1,NYS Math Exam 2011,1,2011
207166661,3.42,1,NYS Math Exam 2011,1,2011
207166695,4.10,1,NYS Math Exam 2011,1,2011
209305937,4.10,1,NYS Math Exam 2011,1,2011
207648296,3.94,1,NYS Math Exam 2011,1,2011
207481342,4.05,1,NYS Math Exam 2011,1,2011
205857113,3.77,1,NYS Math Exam 2011,1,2011
207909540,4.07,1,NYS Math Exam 2011,1,2011
208249201,4.07,1,NYS Math Exam 2011,1,2011
207389818,4.05,1,NYS Math Exam 2011,1,2011
207356080,4.07,1,NYS Math Exam 2011,1,2011
207317389,3.71,1,NYS Math Exam 2011,1,2011
206584088,3.35,1,NYS Math Exam 2011,1,2011
207481359,3.65,1,NYS Math Exam 2011,1,2011
207481367,4.03,1,NYS Math Exam 2011,1,2011
208388686,4.22,1,NYS Math Exam 2011,1,2011
208154658,4.37,1,NYS Math Exam 2011,1,2011
207176579,4.37,1,NYS Math Exam 2011,1,2011
207009416,4.07,1,NYS Math Exam 2011,1,2011
231264003,,1,NYS Math Exam 2011,1,2011
207239807,4.10,1,NYS Math Exam 2011,1,2011
218186724,3.94,1,NYS Math Exam 2011,1,2011
207510116,3.77,1,NYS Math Exam 2011,1,2011
206483950,4.28,1,NYS Math Exam 2011,1,2011
207406422,4.07,1,NYS Math Exam 2011,1,2011
207167339,3.94,1,NYS Math Exam 2011,1,2011
205732746,,1,NYS Math Exam 2011,1,2011
231737511,,1,NYS Math Exam 2011,1,2011
207524463,4.22,1,NYS Math Exam 2011,1,2011
208674762,4.50,1,NYS Math Exam 2011,1,2011
207425273,4.07,1,NYS Math Exam 2011,1,2011
204226211,3.77,1,NYS Math Exam 2011,1,2011
207004243,4.01,1,NYS Math Exam 2011,1,2011
206626996,4.05,1,NYS Math Exam 2011,1,2011
207967787,4.05,1,NYS Math Exam 2011,1,2011
208780171,4.22,1,NYS Math Exam 2011,1,2011
214823742,3.71,1,NYS Math Exam 2011,1,2011
207658147,4.17,1,NYS Math Exam 2011,1,2011
207481177,4.17,1,NYS Math Exam 2011,1,2011
204218564,3.55,1,NYS Math Exam 2011,1,2011
207726852,4.05,1,NYS Math Exam 2011,1,2011
208865444,,1,NYS Math Exam 2011,1,2011
206484230,4.14,1,NYS Math Exam 2011,1,2011
207191495,4.01,1,NYS Math Exam 2011,1,2011
206929382,4.01,1,NYS Math Exam 2011,1,2011
208350306,4.17,1,NYS Math Exam 2011,1,2011
208270496,3.87,1,NYS Math Exam 2011,1,2011
209330711,4.14,1,NYS Math Exam 2011,1,2011
220088884,3.65,1,NYS Math Exam 2011,1,2011
206484065,4.10,1,NYS Math Exam 2011,1,2011
207756875,4.03,1,NYS Math Exam 2011,1,2011
223091208,4.03,1,NYS Math Exam 2011,1,2011
207744145,4.07,1,NYS Math Exam 2011,1,2011
214478414,4.07,1,NYS Math Exam 2011,1,2011
206652737,,1,NYS Math Exam 2011,1,2011
208313569,3.94,1,NYS Math Exam 2011,1,2011
208715664,4.05,1,NYS Math Exam 2011,1,2011
226919520,3.55,1,NYS Math Exam 2011,1,2011
207454232,4.05,1,NYS Math Exam 2011,1,2011
207978115,4.05,1,NYS Math Exam 2011,1,2011
207662966,4.03,1,NYS Math Exam 2011,1,2011
207004433,4.22,1,NYS Math Exam 2011,1,2011
231263930,,1,NYS Math Exam 2011,1,2011
208349829,4.05,1,NYS Math Exam 2011,1,2011
207909763,3.55,1,NYS Math Exam 2011,1,2011
208780189,4.17,1,NYS Math Exam 2011,1,2011
207474578,4.07,1,NYS Math Exam 2011,1,2011
208349837,4.22,1,NYS Math Exam 2011,1,2011
208849042,4.14,1,NYS Math Exam 2011,1,2011
207389859,3.94,1,NYS Math Exam 2011,1,2011
207445669,3.87,1,NYS Math Exam 2011,1,2011
208350199,4.28,1,NYS Math Exam 2011,1,2011
208955682,4.50,1,NYS Math Exam 2011,1,2011
205977580,4.28,1,NYS Math Exam 2011,1,2011
207389875,3.29,1,NYS Math Exam 2011,1,2011
208232173,4.07,1,NYS Math Exam 2011,1,2011
208872267,4.05,1,NYS Math Exam 2011,1,2011
207653635,4.07,1,NYS Math Exam 2011,1,2011
207728189,4.14,1,NYS Math Exam 2011,1,2011
207909292,3.23,1,NYS Math Exam 2011,1,2011
216177493,4.07,1,NYS Math Exam 2011,1,2011
205969314,4.17,1,NYS Math Exam 2011,1,2011
208249706,3.71,1,NYS Math Exam 2011,1,2011
205860919,4.14,1,NYS Math Exam 2011,1,2011
206794158,4.22,1,NYS Math Exam 2011,1,2011
209611060,3.87,1,NYS Math Exam 2011,1,2011
208186627,4.01,1,NYS Math Exam 2011,1,2011
207648411,4.14,1,NYS Math Exam 2011,1,2011
209638063,4.17,1,NYS Math Exam 2011,1,2011
207688052,4.14,1,NYS Math Exam 2011,1,2011
207978420,4.05,1,NYS Math Exam 2011,1,2011
208736728,4.07,1,NYS Math Exam 2011,1,2011
231269176,,1,NYS Math Exam 2011,1,2011
209013523,4.03,1,NYS Math Exam 2011,1,2011
207657941,4.17,1,NYS Math Exam 2011,1,2011
205453913,4.28,1,NYS Math Exam 2011,1,2011
209420470,3.48,1,NYS Math Exam 2011,1,2011
207499039,3.55,1,NYS Math Exam 2011,1,2011
208982546,3.48,1,NYS Math Exam 2011,1,2011
219974755,4.05,1,NYS Math Exam 2011,1,2011
207424672,,1,NYS Math Exam 2011,1,2011
207658204,4.07,1,NYS Math Exam 2011,1,2011
207979352,4.17,1,NYS Math Exam 2011,1,2011
206652919,4.07,1,NYS Math Exam 2011,1,2011
207687849,4.22,1,NYS Math Exam 2011,1,2011
207176314,4.10,1,NYS Math Exam 2011,1,2011
208313791,4.07,1,NYS Math Exam 2011,1,2011
207816588,4.01,1,NYS Math Exam 2011,1,2011
213632367,4.01,1,NYS Math Exam 2011,1,2011
206676801,4.14,1,NYS Math Exam 2011,1,2011
205402845,4.05,1,NYS Math Exam 2011,1,2011
215313834,4.17,1,NYS Math Exam 2011,1,2011
207669995,4.10,1,NYS Math Exam 2011,1,2011
207356437,4.28,1,NYS Math Exam 2011,1,2011
208819904,4.17,1,NYS Math Exam 2011,1,2011
207528464,3.87,1,NYS Math Exam 2011,1,2011
215034117,4.37,1,NYS Math Exam 2011,1,2011
207709239,4.14,1,NYS Math Exam 2011,1,2011
207662115,4.14,1,NYS Math Exam 2011,1,2011
208338368,4.22,1,NYS Math Exam 2011,1,2011
214162067,4.10,1,NYS Math Exam 2011,1,2011
207524927,4.17,1,NYS Math Exam 2011,1,2011
207525007,4.22,1,NYS Math Exam 2011,1,2011
207176546,4.14,1,NYS Math Exam 2011,1,2011
208715508,3.87,1,NYS Math Exam 2011,1,2011
208350058,4.17,1,NYS Math Exam 2011,1,2011
207688037,3.55,1,NYS Math Exam 2011,1,2011
208968008,4.22,1,NYS Math Exam 2011,1,2011
207909284,4.03,1,NYS Math Exam 2011,1,2011
207648221,4.07,1,NYS Math Exam 2011,1,2011
207235433,3.87,1,NYS Math Exam 2011,1,2011
207481441,3.87,1,NYS Math Exam 2011,1,2011
208452482,4.14,1,NYS Math Exam 2011,1,2011
207657479,3.23,1,NYS Math Exam 2011,1,2011
206853228,3.55,1,NYS Math Exam 2011,1,2011
207648429,4.03,1,NYS Math Exam 2011,1,2011
209970839,4.17,1,NYS Math Exam 2011,1,2011
207424896,4.22,1,NYS Math Exam 2011,1,2011
209091107,3.10,1,NYS Math Exam 2011,1,2011
207909227,4.17,1,NYS Math Exam 2011,1,2011
209351535,3.65,1,NYS Math Exam 2011,1,2011
207908880,4.10,1,NYS Math Exam 2011,1,2011
207239781,4.14,1,NYS Math Exam 2011,1,2011
207524745,4.05,1,NYS Math Exam 2011,1,2011
209090844,4.10,1,NYS Math Exam 2011,1,2011
220465801,3.94,1,NYS Math Exam 2011,1,2011
207389933,3.87,1,NYS Math Exam 2011,1,2011
208674929,4.07,1,NYS Math Exam 2011,1,2011
207250374,4.10,1,NYS Math Exam 2011,1,2011
208338087,4.03,1,NYS Math Exam 2011,1,2011
207687880,4.01,1,NYS Math Exam 2011,1,2011
208642116,4.37,1,NYS Math Exam 2011,1,2011
208753467,4.10,1,NYS Math Exam 2011,1,2011
208694687,4.22,1,NYS Math Exam 2011,1,2011
208364331,4.17,1,NYS Math Exam 2011,1,2011
216184341,4.28,1,NYS Math Exam 2011,1,2011
207481466,4.14,1,NYS Math Exam 2011,1,2011
207389941,4.14,1,NYS Math Exam 2011,1,2011
208694703,3.94,1,NYS Math Exam 2011,1,2011
207487018,4.17,1,NYS Math Exam 2011,1,2011
207936675,4.01,1,NYS Math Exam 2011,1,2011
207235334,4.17,1,NYS Math Exam 2011,1,2011
207235185,4.03,1,NYS Math Exam 2011,1,2011
207364373,4.50,1,NYS Math Exam 2011,1,2011
207648437,4.03,1,NYS Math Exam 2011,1,2011
208410530,3.94,1,NYS Math Exam 2011,1,2011
221195837,3.71,1,NYS Math Exam 2011,1,2011
209482454,4.14,1,NYS Math Exam 2011,1,2011
207424805,3.55,1,NYS Math Exam 2011,1,2011
208715904,4.28,1,NYS Math Exam 2011,1,2011
207766171,4.14,1,NYS Math Exam 2011,1,2011
207453341,4.07,1,NYS Math Exam 2011,1,2011
208819920,4.05,1,NYS Math Exam 2011,1,2011
208349753,4.37,1,NYS Math Exam 2011,1,2011
214904179,4.01,1,NYS Math Exam 2011,1,2011
207743485,4.28,1,NYS Math Exam 2011,1,2011
207803214,4.17,1,NYS Math Exam 2011,1,2011
206782328,4.17,1,NYS Math Exam 2011,1,2011
206815797,4.37,1,NYS Math Exam 2011,1,2011
207676834,4.03,1,NYS Math Exam 2011,1,2011
206929366,4.10,1,NYS Math Exam 2011,1,2011
205865462,4.37,1,NYS Math Exam 2011,1,2011
208820100,3.87,1,NYS Math Exam 2011,1,2011
205637242,4.17,1,NYS Math Exam 2011,1,2011
208594440,4.37,1,NYS Math Exam 2011,1,2011
207248311,,1,NYS Math Exam 2011,1,2011
207389958,4.01,1,NYS Math Exam 2011,1,2011
204052252,4.09,1,NYS Math Exam 2011,1,2011
204925903,4.07,1,NYS Math Exam 2011,1,2011
204307284,4.15,1,NYS Math Exam 2011,1,2011
214950800,4.02,1,NYS Math Exam 2011,1,2011
203552351,4.18,1,NYS Math Exam 2011,1,2011
203858303,4.13,1,NYS Math Exam 2011,1,2011
203849203,4.07,1,NYS Math Exam 2011,1,2011
203801576,3.83,1,NYS Math Exam 2011,1,2011
205367014,4.10,1,NYS Math Exam 2011,1,2011
206326753,4.03,1,NYS Math Exam 2011,1,2011
208423210,4.15,1,NYS Math Exam 2011,1,2011
209090638,4.06,1,NYS Math Exam 2011,1,2011
205399884,4.13,1,NYS Math Exam 2011,1,2011
204320097,4.04,1,NYS Math Exam 2011,1,2011
203632054,4.18,1,NYS Math Exam 2011,1,2011
203965371,4.06,1,NYS Math Exam 2011,1,2011
204908511,4.05,1,NYS Math Exam 2011,1,2011
205403421,4.15,1,NYS Math Exam 2011,1,2011
203774849,4.03,1,NYS Math Exam 2011,1,2011
203629407,3.92,1,NYS Math Exam 2011,1,2011
204374680,3.71,1,NYS Math Exam 2011,1,2011
204050793,4.07,1,NYS Math Exam 2011,1,2011
204661185,4.02,1,NYS Math Exam 2011,1,2011
209744333,3.92,1,NYS Math Exam 2011,1,2011
203722764,4.18,1,NYS Math Exam 2011,1,2011
205507320,4.01,1,NYS Math Exam 2011,1,2011
206202889,3.83,1,NYS Math Exam 2011,1,2011
205403298,4.15,1,NYS Math Exam 2011,1,2011
204350425,4.22,1,NYS Math Exam 2011,1,2011
204362453,4.02,1,NYS Math Exam 2011,1,2011
205782378,4.09,1,NYS Math Exam 2011,1,2011
204946958,4.10,1,NYS Math Exam 2011,1,2011
209402379,4.05,1,NYS Math Exam 2011,1,2011
203932918,4.10,1,NYS Math Exam 2011,1,2011
203574983,4.05,1,NYS Math Exam 2011,1,2011
203849161,3.83,1,NYS Math Exam 2011,1,2011
215077702,4.06,1,NYS Math Exam 2011,1,2011
203898648,4.03,1,NYS Math Exam 2011,1,2011
207976507,3.83,1,NYS Math Exam 2011,1,2011
205403363,4.10,1,NYS Math Exam 2011,1,2011
205343403,4.13,1,NYS Math Exam 2011,1,2011
204399455,4.02,1,NYS Math Exam 2011,1,2011
203792973,4.18,1,NYS Math Exam 2011,1,2011
205502081,4.18,1,NYS Math Exam 2011,1,2011
203310776,4.07,1,NYS Math Exam 2011,1,2011
205998214,4.05,1,NYS Math Exam 2011,1,2011
203776133,4.31,1,NYS Math Exam 2011,1,2011
205507817,4.05,1,NYS Math Exam 2011,1,2011
203932991,4.00,1,NYS Math Exam 2011,1,2011
206202764,3.63,1,NYS Math Exam 2011,1,2011
206233330,4.13,1,NYS Math Exam 2011,1,2011
205909864,4.01,1,NYS Math Exam 2011,1,2011
219225869,4.15,1,NYS Math Exam 2011,1,2011
203776927,4.03,1,NYS Math Exam 2011,1,2011
204125371,4.07,1,NYS Math Exam 2011,1,2011
204319339,4.18,1,NYS Math Exam 2011,1,2011
204050801,4.15,1,NYS Math Exam 2011,1,2011
227241320,4.05,1,NYS Math Exam 2011,1,2011
206293383,4.02,1,NYS Math Exam 2011,1,2011
205488802,4.18,1,NYS Math Exam 2011,1,2011
204335145,4.31,1,NYS Math Exam 2011,1,2011
203810882,4.07,1,NYS Math Exam 2011,1,2011
209359470,4.15,1,NYS Math Exam 2011,1,2011
203965470,3.79,1,NYS Math Exam 2011,1,2011
207356338,3.38,1,NYS Math Exam 2011,1,2011
203652045,4.07,1,NYS Math Exam 2011,1,2011
205801269,4.13,1,NYS Math Exam 2011,1,2011
274683507,4.10,1,NYS Math Exam 2011,1,2011
205553928,3.83,1,NYS Math Exam 2011,1,2011
205055320,4.18,1,NYS Math Exam 2011,1,2011
204853329,4.13,1,NYS Math Exam 2011,1,2011
205569874,4.09,1,NYS Math Exam 2011,1,2011
207846791,4.06,1,NYS Math Exam 2011,1,2011
205644024,3.04,1,NYS Math Exam 2011,1,2011
204379119,4.03,1,NYS Math Exam 2011,1,2011
203491758,4.13,1,NYS Math Exam 2011,1,2011
204390405,4.03,1,NYS Math Exam 2011,1,2011
205954027,4.10,1,NYS Math Exam 2011,1,2011
226464485,4.18,1,NYS Math Exam 2011,1,2011
204444830,3.38,1,NYS Math Exam 2011,1,2011
204111561,4.31,1,NYS Math Exam 2011,1,2011
204439988,4.18,1,NYS Math Exam 2011,1,2011
204620579,4.04,1,NYS Math Exam 2011,1,2011
204066450,3.79,1,NYS Math Exam 2011,1,2011
207372475,4.13,1,NYS Math Exam 2011,1,2011
205550122,4.06,1,NYS Math Exam 2011,1,2011
205507205,4.06,1,NYS Math Exam 2011,1,2011
204379143,4.07,1,NYS Math Exam 2011,1,2011
205739790,4.02,1,NYS Math Exam 2011,1,2011
203776844,4.03,1,NYS Math Exam 2011,1,2011
203833173,4.18,1,NYS Math Exam 2011,1,2011
205531171,4.15,1,NYS Math Exam 2011,1,2011
203735568,4.01,1,NYS Math Exam 2011,1,2011
205075138,4.10,1,NYS Math Exam 2011,1,2011
221430150,4.01,1,NYS Math Exam 2011,1,2011
204050959,3.63,1,NYS Math Exam 2011,1,2011
205455280,4.05,1,NYS Math Exam 2011,1,2011
204067045,4.10,1,NYS Math Exam 2011,1,2011
204908685,4.10,1,NYS Math Exam 2011,1,2011
205550445,3.92,1,NYS Math Exam 2011,1,2011
204746010,4.31,1,NYS Math Exam 2011,1,2011
205496516,4.05,1,NYS Math Exam 2011,1,2011
275256576,3.79,1,NYS Math Exam 2011,1,2011
207819665,3.38,1,NYS Math Exam 2011,1,2011
205089097,4.22,1,NYS Math Exam 2011,1,2011
214610602,4.00,1,NYS Math Exam 2011,1,2011
204529978,4.02,1,NYS Math Exam 2011,1,2011
205643794,4.13,1,NYS Math Exam 2011,1,2011
204066518,4.06,1,NYS Math Exam 2011,1,2011
204037931,4.05,1,NYS Math Exam 2011,1,2011
203548003,4.22,1,NYS Math Exam 2011,1,2011
204821896,3.79,1,NYS Math Exam 2011,1,2011
206447773,4.22,1,NYS Math Exam 2011,1,2011
204050850,4.02,1,NYS Math Exam 2011,1,2011
204111371,3.42,1,NYS Math Exam 2011,1,2011
206233199,4.03,1,NYS Math Exam 2011,1,2011
204088173,4.22,1,NYS Math Exam 2011,1,2011
207213489,3.71,1,NYS Math Exam 2011,1,2011
204077481,4.18,1,NYS Math Exam 2011,1,2011
220469233,4.03,1,NYS Math Exam 2011,1,2011
206408957,4.05,1,NYS Math Exam 2011,1,2011
204878284,4.31,1,NYS Math Exam 2011,1,2011
204307128,4.00,1,NYS Math Exam 2011,1,2011
227241270,4.06,1,NYS Math Exam 2011,1,2011
205403405,4.05,1,NYS Math Exam 2011,1,2011
204369912,4.09,1,NYS Math Exam 2011,1,2011
208186973,4.10,1,NYS Math Exam 2011,1,2011
205553175,3.71,1,NYS Math Exam 2011,1,2011
206484560,4.18,1,NYS Math Exam 2011,1,2011
205653983,4.05,1,NYS Math Exam 2011,1,2011
204319404,4.03,1,NYS Math Exam 2011,1,2011
203932520,3.92,1,NYS Math Exam 2011,1,2011
204357305,4.06,1,NYS Math Exam 2011,1,2011
204809909,4.10,1,NYS Math Exam 2011,1,2011
204925259,4.13,1,NYS Math Exam 2011,1,2011
206451866,3.83,1,NYS Math Exam 2011,1,2011
209091115,4.13,1,NYS Math Exam 2011,1,2011
204362669,4.10,1,NYS Math Exam 2011,1,2011
206450710,4.18,1,NYS Math Exam 2011,1,2011
206450686,4.06,1,NYS Math Exam 2011,1,2011
206234148,4.10,1,NYS Math Exam 2011,1,2011
218747483,4.07,1,NYS Math Exam 2011,1,2011
204908859,4.13,1,NYS Math Exam 2011,1,2011
203932926,4.13,1,NYS Math Exam 2011,1,2011
205782188,4.13,1,NYS Math Exam 2011,1,2011
206879801,4.18,1,NYS Math Exam 2011,1,2011
204111892,4.03,1,NYS Math Exam 2011,1,2011
205507551,4.15,1,NYS Math Exam 2011,1,2011
206203077,4.10,1,NYS Math Exam 2011,1,2011
204695654,4.02,1,NYS Math Exam 2011,1,2011
204747679,4.07,1,NYS Math Exam 2011,1,2011
204051239,,1,NYS Math Exam 2011,1,2011
205455488,4.15,1,NYS Math Exam 2011,1,2011
203790381,4.31,1,NYS Math Exam 2011,1,2011
204878821,4.06,1,NYS Math Exam 2011,1,2011
207802893,3.83,1,NYS Math Exam 2011,1,2011
203999479,4.10,1,NYS Math Exam 2011,1,2011
204821961,3.71,1,NYS Math Exam 2011,1,2011
204050991,4.10,1,NYS Math Exam 2011,1,2011
205488570,4.18,1,NYS Math Exam 2011,1,2011
203833231,4.22,1,NYS Math Exam 2011,1,2011
275068336,4.10,1,NYS Math Exam 2011,1,2011
205507775,3.71,1,NYS Math Exam 2011,1,2011
206233520,4.00,1,NYS Math Exam 2011,1,2011
221388895,4.09,1,NYS Math Exam 2011,1,2011
204848949,4.22,1,NYS Math Exam 2011,1,2011
205670573,3.25,1,NYS Math Exam 2011,1,2011
204268742,4.31,1,NYS Math Exam 2011,1,2011
205488851,4.03,1,NYS Math Exam 2011,1,2011
205023062,4.06,1,NYS Math Exam 2011,1,2011
204993125,4.31,1,NYS Math Exam 2011,1,2011
204285852,3.92,1,NYS Math Exam 2011,1,2011
203646690,4.01,1,NYS Math Exam 2011,1,2011
203965389,4.07,1,NYS Math Exam 2011,1,2011
274656065,4.13,1,NYS Math Exam 2011,1,2011
205366396,4.03,1,NYS Math Exam 2011,1,2011
204782247,4.03,1,NYS Math Exam 2011,1,2011
203681424,4.09,1,NYS Math Exam 2011,1,2011
204378517,4.22,1,NYS Math Exam 2011,1,2011
204050884,4.10,1,NYS Math Exam 2011,1,2011
204950216,4.09,1,NYS Math Exam 2011,1,2011
275184513,4.00,1,NYS Math Exam 2011,1,2011
207819897,3.08,1,NYS Math Exam 2011,1,2011
203681325,4.04,1,NYS Math Exam 2011,1,2011
204888135,4.18,1,NYS Math Exam 2011,1,2011
216370924,4.04,1,NYS Math Exam 2011,1,2011
203965587,4.10,1,NYS Math Exam 2011,1,2011
204378582,4.22,1,NYS Math Exam 2011,1,2011
205672215,4.07,1,NYS Math Exam 2011,1,2011
204390207,4.18,1,NYS Math Exam 2011,1,2011
203932470,4.06,1,NYS Math Exam 2011,1,2011
203735576,3.04,1,NYS Math Exam 2011,1,2011
205055577,4.04,1,NYS Math Exam 2011,1,2011
274705516,3.37,0,NYS ELA Exam 2011,1,2011
204286025,3.44,0,NYS ELA Exam 2011,1,2011
220058051,3.10,0,NYS ELA Exam 2011,1,2011
203114830,3.54,0,NYS ELA Exam 2011,1,2011
203721444,3.05,0,NYS ELA Exam 2011,1,2011
203652763,3.05,0,NYS ELA Exam 2011,1,2011
209403187,3.12,0,NYS ELA Exam 2011,1,2011
200266104,3.12,0,NYS ELA Exam 2011,1,2011
203708508,3.76,0,NYS ELA Exam 2011,1,2011
275201911,3.10,0,NYS ELA Exam 2011,1,2011
203838321,3.44,0,NYS ELA Exam 2011,1,2011
204390009,3.00,0,NYS ELA Exam 2011,1,2011
202049276,3.29,0,NYS ELA Exam 2011,1,2011
203107230,3.54,0,NYS ELA Exam 2011,1,2011
274843416,3.44,0,NYS ELA Exam 2011,1,2011
275149094,3.12,0,NYS ELA Exam 2011,1,2011
274890474,3.29,0,NYS ELA Exam 2011,1,2011
203793500,3.76,0,NYS ELA Exam 2011,1,2011
274659861,3.90,0,NYS ELA Exam 2011,1,2011
203652607,3.10,0,NYS ELA Exam 2011,1,2011
222106643,3.44,0,NYS ELA Exam 2011,1,2011
275057479,3.54,0,NYS ELA Exam 2011,1,2011
274843192,3.44,0,NYS ELA Exam 2011,1,2011
275201721,3.37,0,NYS ELA Exam 2011,1,2011
274419050,3.63,0,NYS ELA Exam 2011,1,2011
203268776,3.76,0,NYS ELA Exam 2011,1,2011
274890490,3.90,0,NYS ELA Exam 2011,1,2011
274777853,3.44,0,NYS ELA Exam 2011,1,2011
202393146,3.37,0,NYS ELA Exam 2011,1,2011
203810981,2.90,0,NYS ELA Exam 2011,1,2011
269703096,3.44,0,NYS ELA Exam 2011,1,2011
203868641,3.37,0,NYS ELA Exam 2011,1,2011
274889997,3.54,0,NYS ELA Exam 2011,1,2011
274889922,4.03,0,NYS ELA Exam 2011,1,2011
270268881,3.44,0,NYS ELA Exam 2011,1,2011
203810395,2.80,0,NYS ELA Exam 2011,1,2011
205739782,3.54,0,NYS ELA Exam 2011,1,2011
275255628,3.44,0,NYS ELA Exam 2011,1,2011
218652576,2.90,0,NYS ELA Exam 2011,1,2011
209359454,3.00,0,NYS ELA Exam 2011,1,2011
203259403,3.90,0,NYS ELA Exam 2011,1,2011
203652086,3.24,0,NYS ELA Exam 2011,1,2011
203171855,4.03,0,NYS ELA Exam 2011,1,2011
203810445,3.63,0,NYS ELA Exam 2011,1,2011
274652486,3.90,0,NYS ELA Exam 2011,1,2011
274948421,3.37,0,NYS ELA Exam 2011,1,2011
275149102,3.10,0,NYS ELA Exam 2011,1,2011
203116280,3.44,0,NYS ELA Exam 2011,1,2011
203680962,3.37,0,NYS ELA Exam 2011,1,2011
203721204,3.90,0,NYS ELA Exam 2011,1,2011
203880950,3.12,0,NYS ELA Exam 2011,1,2011
203898408,3.44,0,NYS ELA Exam 2011,1,2011
207355827,3.00,0,NYS ELA Exam 2011,1,2011
275188464,3.12,0,NYS ELA Exam 2011,1,2011
203721808,2.93,0,NYS ELA Exam 2011,1,2011
203933130,3.20,0,NYS ELA Exam 2011,1,2011
274843226,3.20,0,NYS ELA Exam 2011,1,2011
274890169,3.54,0,NYS ELA Exam 2011,1,2011
200052058,3.76,0,NYS ELA Exam 2011,1,2011
204519078,3.44,0,NYS ELA Exam 2011,1,2011
274747724,3.24,0,NYS ELA Exam 2011,1,2011
203793773,3.63,0,NYS ELA Exam 2011,1,2011
275130847,3.24,0,NYS ELA Exam 2011,1,2011
203431911,3.44,0,NYS ELA Exam 2011,1,2011
200003424,3.44,0,NYS ELA Exam 2011,1,2011
215008921,3.37,0,NYS ELA Exam 2011,1,2011
204586960,3.54,0,NYS ELA Exam 2011,1,2011
207908609,3.76,0,NYS ELA Exam 2011,1,2011
200786853,3.44,0,NYS ELA Exam 2011,1,2011
275144442,3.37,0,NYS ELA Exam 2011,1,2011
274607308,3.20,0,NYS ELA Exam 2011,1,2011
269703443,2.93,0,NYS ELA Exam 2011,1,2011
275273407,3.05,0,NYS ELA Exam 2011,1,2011
270227184,3.20,0,NYS ELA Exam 2011,1,2011
274890318,3.24,0,NYS ELA Exam 2011,1,2011
275164150,3.44,0,NYS ELA Exam 2011,1,2011
203002738,3.76,0,NYS ELA Exam 2011,1,2011
275149227,3.24,0,NYS ELA Exam 2011,1,2011
203681093,3.63,0,NYS ELA Exam 2011,1,2011
274804764,3.10,0,NYS ELA Exam 2011,1,2011
274804731,3.44,0,NYS ELA Exam 2011,1,2011
204531933,3.37,0,NYS ELA Exam 2011,1,2011
202265831,4.11,0,NYS ELA Exam 2011,1,2011
204067326,3.63,0,NYS ELA Exam 2011,1,2011
203057575,3.54,0,NYS ELA Exam 2011,1,2011
274979814,2.90,0,NYS ELA Exam 2011,1,2011
204077663,4.03,0,NYS ELA Exam 2011,1,2011
203549332,3.76,0,NYS ELA Exam 2011,1,2011
204276380,3.10,0,NYS ELA Exam 2011,1,2011
203680897,3.37,0,NYS ELA Exam 2011,1,2011
204286082,3.37,0,NYS ELA Exam 2011,1,2011
203821780,3.76,0,NYS ELA Exam 2011,1,2011
207968587,3.37,0,NYS ELA Exam 2011,1,2011
203172101,3.54,0,NYS ELA Exam 2011,1,2011
209855303,3.12,0,NYS ELA Exam 2011,1,2011
275149359,3.29,0,NYS ELA Exam 2011,1,2011
202896940,3.76,0,NYS ELA Exam 2011,1,2011
275202331,4.11,0,NYS ELA Exam 2011,1,2011
203172002,3.76,0,NYS ELA Exam 2011,1,2011
203172010,4.50,0,NYS ELA Exam 2011,1,2011
206167934,3.44,0,NYS ELA Exam 2011,1,2011
275084705,3.44,0,NYS ELA Exam 2011,1,2011
203173141,3.24,0,NYS ELA Exam 2011,1,2011
204286587,3.63,0,NYS ELA Exam 2011,1,2011
204426670,3.10,0,NYS ELA Exam 2011,1,2011
274948660,3.29,0,NYS ELA Exam 2011,1,2011
275181691,3.54,0,NYS ELA Exam 2011,1,2011
202975157,3.37,0,NYS ELA Exam 2011,1,2011
270144108,3.24,0,NYS ELA Exam 2011,1,2011
274889914,4.03,0,NYS ELA Exam 2011,1,2011
203037189,3.29,0,NYS ELA Exam 2011,1,2011
204076228,3.20,0,NYS ELA Exam 2011,1,2011
274981117,3.10,0,NYS ELA Exam 2011,1,2011
203681366,3.63,0,NYS ELA Exam 2011,1,2011
203759360,2.90,0,NYS ELA Exam 2011,1,2011
203793468,3.63,0,NYS ELA Exam 2011,1,2011
205808975,3.12,0,NYS ELA Exam 2011,1,2011
203143631,3.54,0,NYS ELA Exam 2011,1,2011
207846726,3.29,0,NYS ELA Exam 2011,1,2011
230685646,,0,NYS ELA Exam 2011,1,2011
275166742,3.24,0,NYS ELA Exam 2011,1,2011
220111645,3.24,0,NYS ELA Exam 2011,1,2011
204052252,4.01,0,NYS ELA Exam 2011,1,2011
204925903,3.85,0,NYS ELA Exam 2011,1,2011
204307284,3.42,0,NYS ELA Exam 2011,1,2011
214950800,3.85,0,NYS ELA Exam 2011,1,2011
203552351,3.21,0,NYS ELA Exam 2011,1,2011
203858303,3.70,0,NYS ELA Exam 2011,1,2011
203849203,3.42,0,NYS ELA Exam 2011,1,2011
203801576,3.52,0,NYS ELA Exam 2011,1,2011
205367014,4.01,0,NYS ELA Exam 2011,1,2011
206326753,3.61,0,NYS ELA Exam 2011,1,2011
208423210,3.70,0,NYS ELA Exam 2011,1,2011
209090638,3.15,0,NYS ELA Exam 2011,1,2011
205399884,4.50,0,NYS ELA Exam 2011,1,2011
204320097,3.85,0,NYS ELA Exam 2011,1,2011
203632054,4.05,0,NYS ELA Exam 2011,1,2011
203965371,4.01,0,NYS ELA Exam 2011,1,2011
204908511,4.01,0,NYS ELA Exam 2011,1,2011
205403421,3.42,0,NYS ELA Exam 2011,1,2011
203774849,3.61,0,NYS ELA Exam 2011,1,2011
203629407,3.27,0,NYS ELA Exam 2011,1,2011
204374680,3.06,0,NYS ELA Exam 2011,1,2011
204050793,3.61,0,NYS ELA Exam 2011,1,2011
204661185,3.42,0,NYS ELA Exam 2011,1,2011
209744333,3.85,0,NYS ELA Exam 2011,1,2011
203722764,4.05,0,NYS ELA Exam 2011,1,2011
205507320,3.85,0,NYS ELA Exam 2011,1,2011
206202889,4.01,0,NYS ELA Exam 2011,1,2011
205403298,3.52,0,NYS ELA Exam 2011,1,2011
204350425,4.11,0,NYS ELA Exam 2011,1,2011
204362453,4.01,0,NYS ELA Exam 2011,1,2011
205782378,3.85,0,NYS ELA Exam 2011,1,2011
204946958,4.01,0,NYS ELA Exam 2011,1,2011
209402379,3.61,0,NYS ELA Exam 2011,1,2011
203932918,3.85,0,NYS ELA Exam 2011,1,2011
203574983,2.91,0,NYS ELA Exam 2011,1,2011
203849161,3.27,0,NYS ELA Exam 2011,1,2011
215077702,3.70,0,NYS ELA Exam 2011,1,2011
203898648,3.27,0,NYS ELA Exam 2011,1,2011
207976507,2.74,0,NYS ELA Exam 2011,1,2011
205403363,3.12,0,NYS ELA Exam 2011,1,2011
205343403,4.01,0,NYS ELA Exam 2011,1,2011
204399455,3.70,0,NYS ELA Exam 2011,1,2011
203792973,3.70,0,NYS ELA Exam 2011,1,2011
205502081,3.21,0,NYS ELA Exam 2011,1,2011
203310776,4.11,0,NYS ELA Exam 2011,1,2011
205998214,4.01,0,NYS ELA Exam 2011,1,2011
203776133,4.11,0,NYS ELA Exam 2011,1,2011
205507817,4.01,0,NYS ELA Exam 2011,1,2011
203932991,3.42,0,NYS ELA Exam 2011,1,2011
206202764,3.52,0,NYS ELA Exam 2011,1,2011
206233330,3.61,0,NYS ELA Exam 2011,1,2011
205909864,3.33,0,NYS ELA Exam 2011,1,2011
219225869,3.33,0,NYS ELA Exam 2011,1,2011
203776927,3.61,0,NYS ELA Exam 2011,1,2011
204125371,3.42,0,NYS ELA Exam 2011,1,2011
204319339,4.11,0,NYS ELA Exam 2011,1,2011
204050801,3.61,0,NYS ELA Exam 2011,1,2011
227241320,3.61,0,NYS ELA Exam 2011,1,2011
206293383,3.61,0,NYS ELA Exam 2011,1,2011
205488802,3.85,0,NYS ELA Exam 2011,1,2011
204335145,3.70,0,NYS ELA Exam 2011,1,2011
203810882,3.27,0,NYS ELA Exam 2011,1,2011
209359470,3.27,0,NYS ELA Exam 2011,1,2011
203965470,3.42,0,NYS ELA Exam 2011,1,2011
207356338,3.61,0,NYS ELA Exam 2011,1,2011
203652045,3.15,0,NYS ELA Exam 2011,1,2011
205801269,3.85,0,NYS ELA Exam 2011,1,2011
274683507,3.52,0,NYS ELA Exam 2011,1,2011
205553928,3.52,0,NYS ELA Exam 2011,1,2011
205055320,3.85,0,NYS ELA Exam 2011,1,2011
204853329,3.70,0,NYS ELA Exam 2011,1,2011
205569874,3.70,0,NYS ELA Exam 2011,1,2011
207846791,4.05,0,NYS ELA Exam 2011,1,2011
205644024,2.91,0,NYS ELA Exam 2011,1,2011
204379119,3.06,0,NYS ELA Exam 2011,1,2011
203491758,3.33,0,NYS ELA Exam 2011,1,2011
204390405,3.21,0,NYS ELA Exam 2011,1,2011
205954027,3.52,0,NYS ELA Exam 2011,1,2011
226464485,4.11,0,NYS ELA Exam 2011,1,2011
204444830,3.42,0,NYS ELA Exam 2011,1,2011
204111561,3.85,0,NYS ELA Exam 2011,1,2011
204439988,3.61,0,NYS ELA Exam 2011,1,2011
204620579,3.15,0,NYS ELA Exam 2011,1,2011
204066450,3.27,0,NYS ELA Exam 2011,1,2011
207372475,3.70,0,NYS ELA Exam 2011,1,2011
205550122,3.61,0,NYS ELA Exam 2011,1,2011
205507205,3.85,0,NYS ELA Exam 2011,1,2011
204379143,4.01,0,NYS ELA Exam 2011,1,2011
205739790,3.12,0,NYS ELA Exam 2011,1,2011
203776844,3.27,0,NYS ELA Exam 2011,1,2011
203833173,4.05,0,NYS ELA Exam 2011,1,2011
205531171,3.70,0,NYS ELA Exam 2011,1,2011
203735568,3.15,0,NYS ELA Exam 2011,1,2011
205075138,4.05,0,NYS ELA Exam 2011,1,2011
221430150,3.15,0,NYS ELA Exam 2011,1,2011
204050959,3.52,0,NYS ELA Exam 2011,1,2011
205455280,3.61,0,NYS ELA Exam 2011,1,2011
204067045,3.27,0,NYS ELA Exam 2011,1,2011
204908685,3.52,0,NYS ELA Exam 2011,1,2011
205550445,4.01,0,NYS ELA Exam 2011,1,2011
204746010,3.70,0,NYS ELA Exam 2011,1,2011
205496516,3.52,0,NYS ELA Exam 2011,1,2011
275256576,3.33,0,NYS ELA Exam 2011,1,2011
207819665,3.03,0,NYS ELA Exam 2011,1,2011
205089097,3.42,0,NYS ELA Exam 2011,1,2011
214610602,3.42,0,NYS ELA Exam 2011,1,2011
204529978,3.33,0,NYS ELA Exam 2011,1,2011
205643794,4.50,0,NYS ELA Exam 2011,1,2011
204066518,3.12,0,NYS ELA Exam 2011,1,2011
204037931,3.70,0,NYS ELA Exam 2011,1,2011
203548003,3.70,0,NYS ELA Exam 2011,1,2011
204821896,3.70,0,NYS ELA Exam 2011,1,2011
206447773,4.11,0,NYS ELA Exam 2011,1,2011
204050850,3.70,0,NYS ELA Exam 2011,1,2011
204111371,3.06,0,NYS ELA Exam 2011,1,2011
206233199,2.83,0,NYS ELA Exam 2011,1,2011
204088173,4.11,0,NYS ELA Exam 2011,1,2011
207213489,3.12,0,NYS ELA Exam 2011,1,2011
204077481,3.85,0,NYS ELA Exam 2011,1,2011
220469233,3.70,0,NYS ELA Exam 2011,1,2011
206408957,3.27,0,NYS ELA Exam 2011,1,2011
204878284,3.21,0,NYS ELA Exam 2011,1,2011
204307128,3.42,0,NYS ELA Exam 2011,1,2011
227241270,3.52,0,NYS ELA Exam 2011,1,2011
205403405,3.70,0,NYS ELA Exam 2011,1,2011
204369912,3.85,0,NYS ELA Exam 2011,1,2011
208186973,4.05,0,NYS ELA Exam 2011,1,2011
205553175,3.33,0,NYS ELA Exam 2011,1,2011
206484560,3.85,0,NYS ELA Exam 2011,1,2011
205653983,3.61,0,NYS ELA Exam 2011,1,2011
204319404,3.42,0,NYS ELA Exam 2011,1,2011
203932520,3.15,0,NYS ELA Exam 2011,1,2011
204357305,3.52,0,NYS ELA Exam 2011,1,2011
204809909,4.01,0,NYS ELA Exam 2011,1,2011
204925259,2.91,0,NYS ELA Exam 2011,1,2011
206451866,3.61,0,NYS ELA Exam 2011,1,2011
209091115,3.33,0,NYS ELA Exam 2011,1,2011
204362669,3.70,0,NYS ELA Exam 2011,1,2011
206450710,3.52,0,NYS ELA Exam 2011,1,2011
206450686,3.70,0,NYS ELA Exam 2011,1,2011
206234148,4.01,0,NYS ELA Exam 2011,1,2011
218747483,3.70,0,NYS ELA Exam 2011,1,2011
204908859,3.42,0,NYS ELA Exam 2011,1,2011
203932926,3.06,0,NYS ELA Exam 2011,1,2011
205782188,4.11,0,NYS ELA Exam 2011,1,2011
206879801,3.70,0,NYS ELA Exam 2011,1,2011
204111892,3.52,0,NYS ELA Exam 2011,1,2011
205507551,4.01,0,NYS ELA Exam 2011,1,2011
206203077,3.52,0,NYS ELA Exam 2011,1,2011
204695654,3.27,0,NYS ELA Exam 2011,1,2011
204747679,3.52,0,NYS ELA Exam 2011,1,2011
204051239,,0,NYS ELA Exam 2011,1,2011
205455488,4.11,0,NYS ELA Exam 2011,1,2011
203790381,4.05,0,NYS ELA Exam 2011,1,2011
204878821,3.21,0,NYS ELA Exam 2011,1,2011
207802893,3.27,0,NYS ELA Exam 2011,1,2011
203999479,3.61,0,NYS ELA Exam 2011,1,2011
204821961,3.12,0,NYS ELA Exam 2011,1,2011
204050991,4.11,0,NYS ELA Exam 2011,1,2011
205488570,4.05,0,NYS ELA Exam 2011,1,2011
203833231,3.85,0,NYS ELA Exam 2011,1,2011
275068336,4.01,0,NYS ELA Exam 2011,1,2011
205507775,3.42,0,NYS ELA Exam 2011,1,2011
206233520,3.27,0,NYS ELA Exam 2011,1,2011
221388895,3.42,0,NYS ELA Exam 2011,1,2011
204848949,3.52,0,NYS ELA Exam 2011,1,2011
205670573,3.12,0,NYS ELA Exam 2011,1,2011
204268742,3.85,0,NYS ELA Exam 2011,1,2011
205488851,3.85,0,NYS ELA Exam 2011,1,2011
205023062,3.61,0,NYS ELA Exam 2011,1,2011
204993125,3.70,0,NYS ELA Exam 2011,1,2011
204285852,3.61,0,NYS ELA Exam 2011,1,2011
203646690,3.61,0,NYS ELA Exam 2011,1,2011
203965389,4.05,0,NYS ELA Exam 2011,1,2011
274656065,3.42,0,NYS ELA Exam 2011,1,2011
205366396,3.42,0,NYS ELA Exam 2011,1,2011
204782247,3.21,0,NYS ELA Exam 2011,1,2011
203681424,3.27,0,NYS ELA Exam 2011,1,2011
204378517,3.70,0,NYS ELA Exam 2011,1,2011
204050884,4.01,0,NYS ELA Exam 2011,1,2011
204950216,3.70,0,NYS ELA Exam 2011,1,2011
275184513,3.70,0,NYS ELA Exam 2011,1,2011
207819897,3.27,0,NYS ELA Exam 2011,1,2011
203681325,3.21,0,NYS ELA Exam 2011,1,2011
204888135,3.42,0,NYS ELA Exam 2011,1,2011
216370924,4.05,0,NYS ELA Exam 2011,1,2011
203965587,4.05,0,NYS ELA Exam 2011,1,2011
204378582,3.61,0,NYS ELA Exam 2011,1,2011
205672215,3.12,0,NYS ELA Exam 2011,1,2011
204390207,3.85,0,NYS ELA Exam 2011,1,2011
203932470,4.01,0,NYS ELA Exam 2011,1,2011
203735576,3.21,0,NYS ELA Exam 2011,1,2011
205055577,3.33,0,NYS ELA Exam 2011,1,2011
205998503,3.59,0,NYS ELA Exam 2011,1,2011
206599797,3.50,0,NYS ELA Exam 2011,1,2011
214951824,4.00,0,NYS ELA Exam 2011,1,2011
206566291,3.44,0,NYS ELA Exam 2011,1,2011
203283502,3.25,0,NYS ELA Exam 2011,1,2011
207525593,3.50,0,NYS ELA Exam 2011,1,2011
207907106,3.38,0,NYS ELA Exam 2011,1,2011
204196521,3.50,0,NYS ELA Exam 2011,1,2011
205902307,3.44,0,NYS ELA Exam 2011,1,2011
207819848,3.69,0,NYS ELA Exam 2011,1,2011
207390139,3.19,0,NYS ELA Exam 2011,1,2011
221100092,3.44,0,NYS ELA Exam 2011,1,2011
215251596,4.11,0,NYS ELA Exam 2011,1,2011
205933732,3.69,0,NYS ELA Exam 2011,1,2011
207647488,3.84,0,NYS ELA Exam 2011,1,2011
205694086,3.59,0,NYS ELA Exam 2011,1,2011
207205196,3.44,0,NYS ELA Exam 2011,1,2011
207356320,3.84,0,NYS ELA Exam 2011,1,2011
205907991,3.69,0,NYS ELA Exam 2011,1,2011
209636786,3.44,0,NYS ELA Exam 2011,1,2011
208495127,4.04,0,NYS ELA Exam 2011,1,2011
232157230,,0,NYS ELA Exam 2011,1,2011
205585672,3.38,0,NYS ELA Exam 2011,1,2011
206079097,3.84,0,NYS ELA Exam 2011,1,2011
205336977,3.25,0,NYS ELA Exam 2011,1,2011
205902422,3.38,0,NYS ELA Exam 2011,1,2011
205585680,3.44,0,NYS ELA Exam 2011,1,2011
205566656,3.69,0,NYS ELA Exam 2011,1,2011
206047185,3.25,0,NYS ELA Exam 2011,1,2011
208542514,3.16,0,NYS ELA Exam 2011,1,2011
205801160,3.31,0,NYS ELA Exam 2011,1,2011
207757402,3.84,0,NYS ELA Exam 2011,1,2011
207249673,3.38,0,NYS ELA Exam 2011,1,2011
206451247,3.84,0,NYS ELA Exam 2011,1,2011
208542688,3.69,0,NYS ELA Exam 2011,1,2011
207176116,3.84,0,NYS ELA Exam 2011,1,2011
205801202,3.59,0,NYS ELA Exam 2011,1,2011
206007965,4.11,0,NYS ELA Exam 2011,1,2011
214574535,3.84,0,NYS ELA Exam 2011,1,2011
205254253,3.44,0,NYS ELA Exam 2011,1,2011
205560873,3.50,0,NYS ELA Exam 2011,1,2011
205585706,3.44,0,NYS ELA Exam 2011,1,2011
205933237,3.31,0,NYS ELA Exam 2011,1,2011
207027483,3.59,0,NYS ELA Exam 2011,1,2011
208119750,3.31,0,NYS ELA Exam 2011,1,2011
208270918,3.25,0,NYS ELA Exam 2011,1,2011
208872796,4.11,0,NYS ELA Exam 2011,1,2011
204853261,3.44,0,NYS ELA Exam 2011,1,2011
207027475,3.59,0,NYS ELA Exam 2011,1,2011
207469941,4.00,0,NYS ELA Exam 2011,1,2011
205801699,3.59,0,NYS ELA Exam 2011,1,2011
205585714,3.50,0,NYS ELA Exam 2011,1,2011
205933583,3.16,0,NYS ELA Exam 2011,1,2011
226589810,3.69,0,NYS ELA Exam 2011,1,2011
207176124,3.38,0,NYS ELA Exam 2011,1,2011
206007924,3.50,0,NYS ELA Exam 2011,1,2011
205454259,4.00,0,NYS ELA Exam 2011,1,2011
207317348,3.69,0,NYS ELA Exam 2011,1,2011
205950470,3.38,0,NYS ELA Exam 2011,1,2011
207176322,3.19,0,NYS ELA Exam 2011,1,2011
206707952,3.13,0,NYS ELA Exam 2011,1,2011
205475635,3.69,0,NYS ELA Exam 2011,1,2011
205945025,3.59,0,NYS ELA Exam 2011,1,2011
206616211,3.50,0,NYS ELA Exam 2011,1,2011
204878458,3.16,0,NYS ELA Exam 2011,1,2011
207676529,3.84,0,NYS ELA Exam 2011,1,2011
205439136,4.04,0,NYS ELA Exam 2011,1,2011
204365233,3.84,0,NYS ELA Exam 2011,1,2011
205496540,3.31,0,NYS ELA Exam 2011,1,2011
206482788,3.44,0,NYS ELA Exam 2011,1,2011
205585730,3.84,0,NYS ELA Exam 2011,1,2011
205801392,4.00,0,NYS ELA Exam 2011,1,2011
205951023,3.44,0,NYS ELA Exam 2011,1,2011
207910407,3.25,0,NYS ELA Exam 2011,1,2011
206078362,3.84,0,NYS ELA Exam 2011,1,2011
205783046,3.84,0,NYS ELA Exam 2011,1,2011
205783020,2.89,0,NYS ELA Exam 2011,1,2011
205585573,3.38,0,NYS ELA Exam 2011,1,2011
205392228,3.44,0,NYS ELA Exam 2011,1,2011
206047573,3.84,0,NYS ELA Exam 2011,1,2011
207250234,3.16,0,NYS ELA Exam 2011,1,2011
207325432,3.84,0,NYS ELA Exam 2011,1,2011
206877672,3.59,0,NYS ELA Exam 2011,1,2011
206584559,4.00,0,NYS ELA Exam 2011,1,2011
205497944,3.50,0,NYS ELA Exam 2011,1,2011
206616658,3.84,0,NYS ELA Exam 2011,1,2011
207176348,2.89,0,NYS ELA Exam 2011,1,2011
205830169,4.04,0,NYS ELA Exam 2011,1,2011
207688029,3.25,0,NYS ELA Exam 2011,1,2011
204782981,3.59,0,NYS ELA Exam 2011,1,2011
205585755,3.50,0,NYS ELA Exam 2011,1,2011
205494933,3.69,0,NYS ELA Exam 2011,1,2011
215284829,3.59,0,NYS ELA Exam 2011,1,2011
205998636,3.16,0,NYS ELA Exam 2011,1,2011
206007353,3.59,0,NYS ELA Exam 2011,1,2011
205357528,3.03,0,NYS ELA Exam 2011,1,2011
206605008,3.44,0,NYS ELA Exam 2011,1,2011
207129552,3.44,0,NYS ELA Exam 2011,1,2011
219974953,3.84,0,NYS ELA Exam 2011,1,2011
205585763,3.59,0,NYS ELA Exam 2011,1,2011
206078925,3.84,0,NYS ELA Exam 2011,1,2011
206047649,3.50,0,NYS ELA Exam 2011,1,2011
205553829,3.44,0,NYS ELA Exam 2011,1,2011
205902745,3.69,0,NYS ELA Exam 2011,1,2011
226464618,3.38,0,NYS ELA Exam 2011,1,2011
204156715,3.25,0,NYS ELA Exam 2011,1,2011
205831092,3.16,0,NYS ELA Exam 2011,1,2011
205801749,3.38,0,NYS ELA Exam 2011,1,2011
206007940,3.84,0,NYS ELA Exam 2011,1,2011
205211246,3.59,0,NYS ELA Exam 2011,1,2011
205801731,3.50,0,NYS ELA Exam 2011,1,2011
205902802,4.00,0,NYS ELA Exam 2011,1,2011
207356189,3.19,0,NYS ELA Exam 2011,1,2011
207577321,3.84,0,NYS ELA Exam 2011,1,2011
226588739,3.50,0,NYS ELA Exam 2011,1,2011
207027301,3.59,0,NYS ELA Exam 2011,1,2011
207975566,3.00,0,NYS ELA Exam 2011,1,2011
206584500,3.13,0,NYS ELA Exam 2011,1,2011
208191577,3.16,0,NYS ELA Exam 2011,1,2011
215314188,3.59,0,NYS ELA Exam 2011,1,2011
207676743,3.50,0,NYS ELA Exam 2011,1,2011
206186934,3.25,0,NYS ELA Exam 2011,1,2011
205933781,3.25,0,NYS ELA Exam 2011,1,2011
206374647,3.25,0,NYS ELA Exam 2011,1,2011
205902976,3.44,0,NYS ELA Exam 2011,1,2011
205439243,3.38,0,NYS ELA Exam 2011,1,2011
206605115,3.50,0,NYS ELA Exam 2011,1,2011
205527765,3.19,0,NYS ELA Exam 2011,1,2011
207676552,3.38,0,NYS ELA Exam 2011,1,2011
205782873,4.00,0,NYS ELA Exam 2011,1,2011
207406885,3.84,0,NYS ELA Exam 2011,1,2011
205432735,3.84,0,NYS ELA Exam 2011,1,2011
226587863,3.44,0,NYS ELA Exam 2011,1,2011
215388158,4.00,0,NYS ELA Exam 2011,1,2011
206012874,3.25,0,NYS ELA Exam 2011,1,2011
207356163,3.19,0,NYS ELA Exam 2011,1,2011
207865247,3.84,0,NYS ELA Exam 2011,1,2011
205523509,3.44,0,NYS ELA Exam 2011,1,2011
208121061,3.38,0,NYS ELA Exam 2011,1,2011
207169939,4.00,0,NYS ELA Exam 2011,1,2011
205782899,4.04,0,NYS ELA Exam 2011,1,2011
205950611,3.38,0,NYS ELA Exam 2011,1,2011
207175985,3.44,0,NYS ELA Exam 2011,1,2011
207250119,3.84,0,NYS ELA Exam 2011,1,2011
204151963,3.84,0,NYS ELA Exam 2011,1,2011
206019101,3.84,0,NYS ELA Exam 2011,1,2011
205022981,3.16,0,NYS ELA Exam 2011,1,2011
206100083,3.50,0,NYS ELA Exam 2011,1,2011
209610518,3.84,0,NYS ELA Exam 2011,1,2011
205999139,3.44,0,NYS ELA Exam 2011,1,2011
205999113,3.50,0,NYS ELA Exam 2011,1,2011
205801350,4.04,0,NYS ELA Exam 2011,1,2011
207129511,3.06,0,NYS ELA Exam 2011,1,2011
207587585,3.50,0,NYS ELA Exam 2011,1,2011
205933955,3.44,0,NYS ELA Exam 2011,1,2011
206083206,3.25,0,NYS ELA Exam 2011,1,2011
205933617,4.00,0,NYS ELA Exam 2011,1,2011
208931436,4.00,0,NYS ELA Exam 2011,1,2011
205801764,3.13,0,NYS ELA Exam 2011,1,2011
205801772,3.59,0,NYS ELA Exam 2011,1,2011
205454564,4.00,0,NYS ELA Exam 2011,1,2011
205585789,3.31,0,NYS ELA Exam 2011,1,2011
209181551,3.06,0,NYS ELA Exam 2011,1,2011
205801301,3.69,0,NYS ELA Exam 2011,1,2011
205782238,3.44,0,NYS ELA Exam 2011,1,2011
205585805,4.00,0,NYS ELA Exam 2011,1,2011
207212622,3.19,0,NYS ELA Exam 2011,1,2011
207802505,3.50,0,NYS ELA Exam 2011,1,2011
207355868,3.84,0,NYS ELA Exam 2011,1,2011
205830730,4.00,0,NYS ELA Exam 2011,1,2011
206078172,3.31,0,NYS ELA Exam 2011,1,2011
214611071,3.59,0,NYS ELA Exam 2011,1,2011
206649469,3.38,0,NYS ELA Exam 2011,1,2011
207276205,3.69,0,NYS ELA Exam 2011,1,2011
207175928,3.84,0,NYS ELA Exam 2011,1,2011
205801798,3.38,0,NYS ELA Exam 2011,1,2011
207276437,4.04,0,NYS ELA Exam 2011,1,2011
207129313,3.59,0,NYS ELA Exam 2011,1,2011
206626574,3.50,0,NYS ELA Exam 2011,1,2011
207176330,3.50,0,NYS ELA Exam 2011,1,2011
208120345,3.84,0,NYS ELA Exam 2011,1,2011
206752313,3.69,0,NYS ELA Exam 2011,1,2011
206720054,3.59,0,NYS ELA Exam 2011,1,2011
207356395,3.19,0,NYS ELA Exam 2011,1,2011
207201054,3.50,0,NYS ELA Exam 2011,1,2011
204471940,3.38,0,NYS ELA Exam 2011,1,2011
205950892,3.44,0,NYS ELA Exam 2011,1,2011
205944788,3.50,0,NYS ELA Exam 2011,1,2011
206541971,3.84,0,NYS ELA Exam 2011,1,2011
206765901,3.38,0,NYS ELA Exam 2011,1,2011
206483307,3.19,0,NYS ELA Exam 2011,1,2011
206483570,3.50,0,NYS ELA Exam 2011,1,2011
206795965,3.69,0,NYS ELA Exam 2011,1,2011
205933690,3.44,0,NYS ELA Exam 2011,1,2011
207756693,3.66,0,NYS ELA Exam 2011,1,2011
215324674,3.38,0,NYS ELA Exam 2011,1,2011
208313924,3.66,0,NYS ELA Exam 2011,1,2011
208313619,3.38,0,NYS ELA Exam 2011,1,2011
209181650,3.03,0,NYS ELA Exam 2011,1,2011
207428384,4.05,0,NYS ELA Exam 2011,1,2011
208716134,3.38,0,NYS ELA Exam 2011,1,2011
207909169,3.81,0,NYS ELA Exam 2011,1,2011
208790725,3.81,0,NYS ELA Exam 2011,1,2011
208120527,4.00,0,NYS ELA Exam 2011,1,2011
205632482,3.66,0,NYS ELA Exam 2011,1,2011
206484495,3.53,0,NYS ELA Exam 2011,1,2011
208187401,4.14,0,NYS ELA Exam 2011,1,2011
208932939,4.00,0,NYS ELA Exam 2011,1,2011
208694349,3.28,0,NYS ELA Exam 2011,1,2011
207744327,3.38,0,NYS ELA Exam 2011,1,2011
205982804,3.53,0,NYS ELA Exam 2011,1,2011
208249698,3.16,0,NYS ELA Exam 2011,1,2011
207169962,4.05,0,NYS ELA Exam 2011,1,2011
208968206,3.66,0,NYS ELA Exam 2011,1,2011
207275645,3.53,0,NYS ELA Exam 2011,1,2011
219794922,3.53,0,NYS ELA Exam 2011,1,2011
207389784,3.44,0,NYS ELA Exam 2011,1,2011
207708793,3.28,0,NYS ELA Exam 2011,1,2011
207648254,3.53,0,NYS ELA Exam 2011,1,2011
207235425,3.53,0,NYS ELA Exam 2011,1,2011
205977762,3.09,0,NYS ELA Exam 2011,1,2011
207648361,3.66,0,NYS ELA Exam 2011,1,2011
208338228,3.44,0,NYS ELA Exam 2011,1,2011
207481102,3.81,0,NYS ELA Exam 2011,1,2011
208819698,3.66,0,NYS ELA Exam 2011,1,2011
208644062,4.05,0,NYS ELA Exam 2011,1,2011
207779646,3.81,0,NYS ELA Exam 2011,1,2011
231263948,,0,NYS ELA Exam 2011,1,2011
208643486,3.44,0,NYS ELA Exam 2011,1,2011
207481136,4.05,0,NYS ELA Exam 2011,1,2011
207909607,3.66,0,NYS ELA Exam 2011,1,2011
208420745,,0,NYS ELA Exam 2011,1,2011
207085895,4.00,0,NYS ELA Exam 2011,1,2011
205982861,3.66,0,NYS ELA Exam 2011,1,2011
207389974,3.66,0,NYS ELA Exam 2011,1,2011
208643932,3.81,0,NYS ELA Exam 2011,1,2011
208314401,3.81,0,NYS ELA Exam 2011,1,2011
207123951,4.00,0,NYS ELA Exam 2011,1,2011
207424821,3.03,0,NYS ELA Exam 2011,1,2011
207978800,4.00,0,NYS ELA Exam 2011,1,2011
208819847,3.53,0,NYS ELA Exam 2011,1,2011
207909060,3.38,0,NYS ELA Exam 2011,1,2011
207234931,3.53,0,NYS ELA Exam 2011,1,2011
208270595,3.38,0,NYS ELA Exam 2011,1,2011
207647751,4.00,0,NYS ELA Exam 2011,1,2011
207123977,3.28,0,NYS ELA Exam 2011,1,2011
207234980,4.05,0,NYS ELA Exam 2011,1,2011
209181932,4.00,0,NYS ELA Exam 2011,1,2011
214575433,3.44,0,NYS ELA Exam 2011,1,2011
207234741,3.66,0,NYS ELA Exam 2011,1,2011
231267329,,0,NYS ELA Exam 2011,1,2011
208694521,3.28,0,NYS ELA Exam 2011,1,2011
209459437,3.66,0,NYS ELA Exam 2011,1,2011
207124371,3.28,0,NYS ELA Exam 2011,1,2011
208556837,3.38,0,NYS ELA Exam 2011,1,2011
208211912,3.81,0,NYS ELA Exam 2011,1,2011
207185398,4.05,0,NYS ELA Exam 2011,1,2011
208313668,4.00,0,NYS ELA Exam 2011,1,2011
207648270,3.53,0,NYS ELA Exam 2011,1,2011
207389792,3.16,0,NYS ELA Exam 2011,1,2011
205629553,3.81,0,NYS ELA Exam 2011,1,2011
203921846,3.53,0,NYS ELA Exam 2011,1,2011
207234956,3.38,0,NYS ELA Exam 2011,1,2011
207166661,2.55,0,NYS ELA Exam 2011,1,2011
207166695,4.00,0,NYS ELA Exam 2011,1,2011
209305937,3.66,0,NYS ELA Exam 2011,1,2011
207648296,3.53,0,NYS ELA Exam 2011,1,2011
207481342,3.16,0,NYS ELA Exam 2011,1,2011
205857113,2.50,0,NYS ELA Exam 2011,1,2011
207909540,4.05,0,NYS ELA Exam 2011,1,2011
208249201,3.28,0,NYS ELA Exam 2011,1,2011
207389818,3.44,0,NYS ELA Exam 2011,1,2011
207356080,3.38,0,NYS ELA Exam 2011,1,2011
207317389,3.38,0,NYS ELA Exam 2011,1,2011
206584088,4.00,0,NYS ELA Exam 2011,1,2011
207481359,3.44,0,NYS ELA Exam 2011,1,2011
207481367,3.44,0,NYS ELA Exam 2011,1,2011
208388686,3.38,0,NYS ELA Exam 2011,1,2011
208154658,4.50,0,NYS ELA Exam 2011,1,2011
207176579,3.81,0,NYS ELA Exam 2011,1,2011
207009416,3.53,0,NYS ELA Exam 2011,1,2011
231264003,,0,NYS ELA Exam 2011,1,2011
207239807,3.16,0,NYS ELA Exam 2011,1,2011
218186724,3.00,0,NYS ELA Exam 2011,1,2011
207510116,3.44,0,NYS ELA Exam 2011,1,2011
206483950,3.81,0,NYS ELA Exam 2011,1,2011
207406422,3.38,0,NYS ELA Exam 2011,1,2011
207167339,3.28,0,NYS ELA Exam 2011,1,2011
205732746,,0,NYS ELA Exam 2011,1,2011
231737511,,0,NYS ELA Exam 2011,1,2011
207524463,4.00,0,NYS ELA Exam 2011,1,2011
208674762,4.05,0,NYS ELA Exam 2011,1,2011
207425273,3.66,0,NYS ELA Exam 2011,1,2011
204226211,4.00,0,NYS ELA Exam 2011,1,2011
207004243,3.16,0,NYS ELA Exam 2011,1,2011
206626996,3.81,0,NYS ELA Exam 2011,1,2011
207967787,4.00,0,NYS ELA Exam 2011,1,2011
208780171,4.00,0,NYS ELA Exam 2011,1,2011
214823742,3.16,0,NYS ELA Exam 2011,1,2011
207658147,3.53,0,NYS ELA Exam 2011,1,2011
207481177,3.38,0,NYS ELA Exam 2011,1,2011
204218564,3.22,0,NYS ELA Exam 2011,1,2011
207726852,3.38,0,NYS ELA Exam 2011,1,2011
208865444,,0,NYS ELA Exam 2011,1,2011
206484230,4.05,0,NYS ELA Exam 2011,1,2011
207191495,3.16,0,NYS ELA Exam 2011,1,2011
206929382,3.66,0,NYS ELA Exam 2011,1,2011
208350306,4.00,0,NYS ELA Exam 2011,1,2011
208270496,3.38,0,NYS ELA Exam 2011,1,2011
209330711,3.38,0,NYS ELA Exam 2011,1,2011
220088884,3.09,0,NYS ELA Exam 2011,1,2011
206484065,4.05,0,NYS ELA Exam 2011,1,2011
207756875,3.44,0,NYS ELA Exam 2011,1,2011
223091208,3.28,0,NYS ELA Exam 2011,1,2011
207744145,3.38,0,NYS ELA Exam 2011,1,2011
214478414,3.81,0,NYS ELA Exam 2011,1,2011
206652737,3.16,0,NYS ELA Exam 2011,1,2011
208313569,3.81,0,NYS ELA Exam 2011,1,2011
208715664,3.44,0,NYS ELA Exam 2011,1,2011
226919520,2.90,0,NYS ELA Exam 2011,1,2011
207454232,4.05,0,NYS ELA Exam 2011,1,2011
207978115,3.00,0,NYS ELA Exam 2011,1,2011
207662966,3.53,0,NYS ELA Exam 2011,1,2011
207004433,3.66,0,NYS ELA Exam 2011,1,2011
231263930,,0,NYS ELA Exam 2011,1,2011
208349829,3.44,0,NYS ELA Exam 2011,1,2011
207909763,3.22,0,NYS ELA Exam 2011,1,2011
208780189,3.53,0,NYS ELA Exam 2011,1,2011
207474578,3.38,0,NYS ELA Exam 2011,1,2011
208349837,3.81,0,NYS ELA Exam 2011,1,2011
208849042,4.14,0,NYS ELA Exam 2011,1,2011
207389859,3.38,0,NYS ELA Exam 2011,1,2011
207445669,3.38,0,NYS ELA Exam 2011,1,2011
208350199,4.05,0,NYS ELA Exam 2011,1,2011
208955682,3.53,0,NYS ELA Exam 2011,1,2011
205977580,4.14,0,NYS ELA Exam 2011,1,2011
207389875,3.28,0,NYS ELA Exam 2011,1,2011
208232173,4.05,0,NYS ELA Exam 2011,1,2011
208872267,3.53,0,NYS ELA Exam 2011,1,2011
207653635,3.53,0,NYS ELA Exam 2011,1,2011
207728189,3.81,0,NYS ELA Exam 2011,1,2011
207909292,3.53,0,NYS ELA Exam 2011,1,2011
216177493,3.44,0,NYS ELA Exam 2011,1,2011
205969314,3.53,0,NYS ELA Exam 2011,1,2011
208249706,3.38,0,NYS ELA Exam 2011,1,2011
205860919,4.00,0,NYS ELA Exam 2011,1,2011
206794158,3.44,0,NYS ELA Exam 2011,1,2011
209611060,3.53,0,NYS ELA Exam 2011,1,2011
208186627,4.05,0,NYS ELA Exam 2011,1,2011
207648411,3.66,0,NYS ELA Exam 2011,1,2011
209638063,4.00,0,NYS ELA Exam 2011,1,2011
207688052,3.53,0,NYS ELA Exam 2011,1,2011
207978420,4.00,0,NYS ELA Exam 2011,1,2011
208736728,3.81,0,NYS ELA Exam 2011,1,2011
231269176,,0,NYS ELA Exam 2011,1,2011
209013523,3.81,0,NYS ELA Exam 2011,1,2011
207657941,3.66,0,NYS ELA Exam 2011,1,2011
205453913,4.50,0,NYS ELA Exam 2011,1,2011
209420470,3.53,0,NYS ELA Exam 2011,1,2011
207499039,3.53,0,NYS ELA Exam 2011,1,2011
208982546,3.53,0,NYS ELA Exam 2011,1,2011
219974755,3.66,0,NYS ELA Exam 2011,1,2011
207424672,,0,NYS ELA Exam 2011,1,2011
207658204,3.44,0,NYS ELA Exam 2011,1,2011
207979352,3.66,0,NYS ELA Exam 2011,1,2011
206652919,3.00,0,NYS ELA Exam 2011,1,2011
207687849,4.05,0,NYS ELA Exam 2011,1,2011
207176314,3.22,0,NYS ELA Exam 2011,1,2011
208313791,3.66,0,NYS ELA Exam 2011,1,2011
207816588,3.81,0,NYS ELA Exam 2011,1,2011
213632367,3.44,0,NYS ELA Exam 2011,1,2011
206676801,4.05,0,NYS ELA Exam 2011,1,2011
205402845,3.53,0,NYS ELA Exam 2011,1,2011
215313834,3.38,0,NYS ELA Exam 2011,1,2011
207669995,3.66,0,NYS ELA Exam 2011,1,2011
207356437,3.28,0,NYS ELA Exam 2011,1,2011
208819904,3.81,0,NYS ELA Exam 2011,1,2011
207528464,3.81,0,NYS ELA Exam 2011,1,2011
215034117,3.81,0,NYS ELA Exam 2011,1,2011
207709239,4.00,0,NYS ELA Exam 2011,1,2011
207662115,3.38,0,NYS ELA Exam 2011,1,2011
208338368,3.81,0,NYS ELA Exam 2011,1,2011
214162067,3.66,0,NYS ELA Exam 2011,1,2011
207524927,3.28,0,NYS ELA Exam 2011,1,2011
207525007,3.66,0,NYS ELA Exam 2011,1,2011
207176546,3.66,0,NYS ELA Exam 2011,1,2011
208715508,4.00,0,NYS ELA Exam 2011,1,2011
208350058,3.81,0,NYS ELA Exam 2011,1,2011
207688037,3.22,0,NYS ELA Exam 2011,1,2011
208968008,4.14,0,NYS ELA Exam 2011,1,2011
207909284,3.53,0,NYS ELA Exam 2011,1,2011
207648221,3.22,0,NYS ELA Exam 2011,1,2011
207235433,3.22,0,NYS ELA Exam 2011,1,2011
207481441,3.16,0,NYS ELA Exam 2011,1,2011
208452482,4.00,0,NYS ELA Exam 2011,1,2011
207657479,3.66,0,NYS ELA Exam 2011,1,2011
206853228,2.75,0,NYS ELA Exam 2011,1,2011
207648429,3.44,0,NYS ELA Exam 2011,1,2011
209970839,3.53,0,NYS ELA Exam 2011,1,2011
207424896,3.22,0,NYS ELA Exam 2011,1,2011
209091107,4.00,0,NYS ELA Exam 2011,1,2011
207909227,3.28,0,NYS ELA Exam 2011,1,2011
209351535,,0,NYS ELA Exam 2011,1,2011
207908880,3.81,0,NYS ELA Exam 2011,1,2011
207239781,4.05,0,NYS ELA Exam 2011,1,2011
207524745,3.81,0,NYS ELA Exam 2011,1,2011
209090844,4.05,0,NYS ELA Exam 2011,1,2011
220465801,3.28,0,NYS ELA Exam 2011,1,2011
207389933,3.38,0,NYS ELA Exam 2011,1,2011
208674929,3.53,0,NYS ELA Exam 2011,1,2011
207250374,3.66,0,NYS ELA Exam 2011,1,2011
208338087,3.44,0,NYS ELA Exam 2011,1,2011
207687880,3.28,0,NYS ELA Exam 2011,1,2011
208642116,4.05,0,NYS ELA Exam 2011,1,2011
208753467,4.00,0,NYS ELA Exam 2011,1,2011
208694687,4.50,0,NYS ELA Exam 2011,1,2011
208364331,4.05,0,NYS ELA Exam 2011,1,2011
216184341,3.81,0,NYS ELA Exam 2011,1,2011
207481466,4.14,0,NYS ELA Exam 2011,1,2011
207389941,3.53,0,NYS ELA Exam 2011,1,2011
208694703,3.03,0,NYS ELA Exam 2011,1,2011
207487018,3.53,0,NYS ELA Exam 2011,1,2011
207936675,3.09,0,NYS ELA Exam 2011,1,2011
207235334,3.66,0,NYS ELA Exam 2011,1,2011
207235185,4.00,0,NYS ELA Exam 2011,1,2011
207364373,4.00,0,NYS ELA Exam 2011,1,2011
207648437,3.81,0,NYS ELA Exam 2011,1,2011
208410530,4.00,0,NYS ELA Exam 2011,1,2011
221195837,4.00,0,NYS ELA Exam 2011,1,2011
209482454,3.44,0,NYS ELA Exam 2011,1,2011
207424805,3.28,0,NYS ELA Exam 2011,1,2011
208715904,4.05,0,NYS ELA Exam 2011,1,2011
207766171,3.22,0,NYS ELA Exam 2011,1,2011
207453341,3.44,0,NYS ELA Exam 2011,1,2011
208819920,3.66,0,NYS ELA Exam 2011,1,2011
208349753,3.66,0,NYS ELA Exam 2011,1,2011
214904179,3.44,0,NYS ELA Exam 2011,1,2011
207743485,3.53,0,NYS ELA Exam 2011,1,2011
207803214,4.05,0,NYS ELA Exam 2011,1,2011
206782328,3.03,0,NYS ELA Exam 2011,1,2011
206815797,3.28,0,NYS ELA Exam 2011,1,2011
207676834,3.53,0,NYS ELA Exam 2011,1,2011
206929366,3.81,0,NYS ELA Exam 2011,1,2011
205865462,3.28,0,NYS ELA Exam 2011,1,2011
208820100,3.53,0,NYS ELA Exam 2011,1,2011
205637242,3.81,0,NYS ELA Exam 2011,1,2011
208594440,4.50,0,NYS ELA Exam 2011,1,2011
207248311,,0,NYS ELA Exam 2011,1,2011
207389958,3.38,0,NYS ELA Exam 2011,1,2011
265345421,86,0,NYS ELA Exam 2011,1,2011
267896256,84,0,NYS ELA Exam 2011,1,2011
268221801,92,0,NYS ELA Exam 2011,1,2011
267765626,85,0,NYS ELA Exam 2011,1,2011
274979954,86,0,NYS ELA Exam 2011,1,2011
270266620,86,0,NYS ELA Exam 2011,1,2011
267726693,80,0,NYS ELA Exam 2011,1,2011
267527786,88,0,NYS ELA Exam 2011,1,2011
265968214,93,0,NYS ELA Exam 2011,1,2011
267931533,75,0,NYS ELA Exam 2011,1,2011
268360617,80,0,NYS ELA Exam 2011,1,2011
232937474,,0,NYS ELA Exam 2011,1,2011
268360641,79,0,NYS ELA Exam 2011,1,2011
268561602,72,0,NYS ELA Exam 2011,1,2011
267905347,79,0,NYS ELA Exam 2011,1,2011
268410016,85,0,NYS ELA Exam 2011,1,2011
268349016,88,0,NYS ELA Exam 2011,1,2011
268410057,92,0,NYS ELA Exam 2011,1,2011
268221587,85,0,NYS ELA Exam 2011,1,2011
267747475,96,0,NYS ELA Exam 2011,1,2011
271111817,86,0,NYS ELA Exam 2011,1,2011
267812675,80,0,NYS ELA Exam 2011,1,2011
268410255,72,0,NYS ELA Exam 2011,1,2011
268487485,85,0,NYS ELA Exam 2011,1,2011
270811730,65,0,NYS ELA Exam 2011,1,2011
269456521,90,0,NYS ELA Exam 2011,1,2011
267896066,92,0,NYS ELA Exam 2011,1,2011
265855064,88,0,NYS ELA Exam 2011,1,2011
269274551,89,0,NYS ELA Exam 2011,1,2011
267852507,86,0,NYS ELA Exam 2011,1,2011
209090349,70,0,NYS ELA Exam 2011,1,2011
269433033,95,0,NYS ELA Exam 2011,1,2011
271023764,93,0,NYS ELA Exam 2011,1,2011
270976129,72,0,NYS ELA Exam 2011,1,2011
267721355,72,0,NYS ELA Exam 2011,1,2011
265881037,99,0,NYS ELA Exam 2011,1,2011
268965696,90,0,NYS ELA Exam 2011,1,2011
268375045,85,0,NYS ELA Exam 2011,1,2011
268542750,93,0,NYS ELA Exam 2011,1,2011
265794172,92,0,NYS ELA Exam 2011,1,2011
268652856,86,0,NYS ELA Exam 2011,1,2011
203056395,96,0,NYS ELA Exam 2011,1,2011
268453750,96,0,NYS ELA Exam 2011,1,2011
267896124,92,0,NYS ELA Exam 2011,1,2011
268165396,84,0,NYS ELA Exam 2011,1,2011
267896132,92,0,NYS ELA Exam 2011,1,2011
267726628,84,0,NYS ELA Exam 2011,1,2011
265356147,92,0,NYS ELA Exam 2011,1,2011
209269398,97,0,NYS ELA Exam 2011,1,2011
267694313,90,0,NYS ELA Exam 2011,1,2011
267726669,90,0,NYS ELA Exam 2011,1,2011
268466083,96,0,NYS ELA Exam 2011,1,2011
268465945,98,0,NYS ELA Exam 2011,1,2011
269386066,92,0,NYS ELA Exam 2011,1,2011
268454386,92,0,NYS ELA Exam 2011,1,2011
268411121,92,0,NYS ELA Exam 2011,1,2011
214825341,67,0,NYS ELA Exam 2011,1,2011
268420825,90,0,NYS ELA Exam 2011,1,2011
268250792,90,0,NYS ELA Exam 2011,1,2011
268165487,74,0,NYS ELA Exam 2011,1,2011
268208808,86,0,NYS ELA Exam 2011,1,2011
268070919,93,0,NYS ELA Exam 2011,1,2011
268411444,82,0,NYS ELA Exam 2011,1,2011
200855559,89,0,NYS ELA Exam 2011,1,2011
268423241,80,0,NYS ELA Exam 2011,1,2011
204617054,92,0,NYS ELA Exam 2011,1,2011
268477833,89,0,NYS ELA Exam 2011,1,2011
264168840,89,0,NYS ELA Exam 2011,1,2011
264658402,94,0,NYS ELA Exam 2011,1,2011
268599479,88,0,NYS ELA Exam 2011,1,2011
267905289,74,0,NYS ELA Exam 2011,1,2011
268715190,76,0,NYS ELA Exam 2011,1,2011
268544699,92,0,NYS ELA Exam 2011,1,2011
214504144,86,0,NYS ELA Exam 2011,1,2011
267859510,93,0,NYS ELA Exam 2011,1,2011
217224872,92,0,NYS ELA Exam 2011,1,2011
268221769,95,0,NYS ELA Exam 2011,1,2011
268532645,88,0,NYS ELA Exam 2011,1,2011
267968865,90,0,NYS ELA Exam 2011,1,2011
268165214,86,0,NYS ELA Exam 2011,1,2011
268478500,65,0,NYS ELA Exam 2011,1,2011
268478518,85,0,NYS ELA Exam 2011,1,2011
267746873,88,0,NYS ELA Exam 2011,1,2011
268478534,86,0,NYS ELA Exam 2011,1,2011
267528222,76,0,NYS ELA Exam 2011,1,2011
268504784,97,0,NYS ELA Exam 2011,1,2011
268966249,94,0,NYS ELA Exam 2011,1,2011
268505112,65,0,NYS ELA Exam 2011,1,2011
269795977,79,0,NYS ELA Exam 2011,1,2011
269385670,92,0,NYS ELA Exam 2011,1,2011
269308557,91,0,NYS ELA Exam 2011,1,2011
270644438,79,0,NYS ELA Exam 2011,1,2011
268717816,92,0,NYS ELA Exam 2011,1,2011
269943973,96,0,NYS ELA Exam 2011,1,2011
268545043,91,0,NYS ELA Exam 2011,1,2011
208155150,,0,NYS ELA Exam 2011,1,2011
265020529,91,0,NYS ELA Exam 2011,1,2011
274909498,67,0,NYS ELA Exam 2011,1,2011
275149185,76,0,NYS ELA Exam 2011,1,2011
269144606,89,0,NYS ELA Exam 2011,1,2011
269565735,91,0,NYS ELA Exam 2011,1,2011
274379999,79,0,NYS ELA Exam 2011,1,2011
269455630,,0,NYS ELA Exam 2011,1,2011
269890547,100,0,NYS ELA Exam 2011,1,2011
267870558,77,0,NYS ELA Exam 2011,1,2011
270317621,87,0,NYS ELA Exam 2011,1,2011
268595790,88,0,NYS ELA Exam 2011,1,2011
268599362,91,0,NYS ELA Exam 2011,1,2011
268717725,89,0,NYS ELA Exam 2011,1,2011
268695475,92,0,NYS ELA Exam 2011,1,2011
269590113,88,0,NYS ELA Exam 2011,1,2011
274742451,92,0,NYS ELA Exam 2011,1,2011
269385605,91,0,NYS ELA Exam 2011,1,2011
203350491,94,0,NYS ELA Exam 2011,1,2011
214532715,91,0,NYS ELA Exam 2011,1,2011
268195153,85,0,NYS ELA Exam 2011,1,2011
214811549,92,0,NYS ELA Exam 2011,1,2011
270141104,87,0,NYS ELA Exam 2011,1,2011
271151458,89,0,NYS ELA Exam 2011,1,2011
268717758,85,0,NYS ELA Exam 2011,1,2011
270774763,94,0,NYS ELA Exam 2011,1,2011
268410578,88,0,NYS ELA Exam 2011,1,2011
206453656,97,0,NYS ELA Exam 2011,1,2011
268194610,82,0,NYS ELA Exam 2011,1,2011
269628434,87,0,NYS ELA Exam 2011,1,2011
216183855,88,0,NYS ELA Exam 2011,1,2011
268701042,88,0,NYS ELA Exam 2011,1,2011
275057008,99,0,NYS ELA Exam 2011,1,2011
269468419,72,0,NYS ELA Exam 2011,1,2011
268491842,96,0,NYS ELA Exam 2011,1,2011
209638865,88,0,NYS ELA Exam 2011,1,2011
270211691,87,0,NYS ELA Exam 2011,1,2011
269648416,91,0,NYS ELA Exam 2011,1,2011
208961847,,0,NYS ELA Exam 2011,1,2011
268198892,85,0,NYS ELA Exam 2011,1,2011
270263585,92,0,NYS ELA Exam 2011,1,2011
203590799,91,0,NYS ELA Exam 2011,1,2011
274510635,91,0,NYS ELA Exam 2011,1,2011
269066742,88,0,NYS ELA Exam 2011,1,2011
265860601,89,0,NYS ELA Exam 2011,1,2011
269456471,91,0,NYS ELA Exam 2011,1,2011
270399819,97,0,NYS ELA Exam 2011,1,2011
270441363,87,0,NYS ELA Exam 2011,1,2011
270400518,88,0,NYS ELA Exam 2011,1,2011
269334595,74,0,NYS ELA Exam 2011,1,2011
220057632,97,0,NYS ELA Exam 2011,1,2011
269628160,93,0,NYS ELA Exam 2011,1,2011
268635455,82,0,NYS ELA Exam 2011,1,2011
207819939,94,0,NYS ELA Exam 2011,1,2011
269335014,92,0,NYS ELA Exam 2011,1,2011
269589644,97,0,NYS ELA Exam 2011,1,2011
268451564,88,0,NYS ELA Exam 2011,1,2011
269468484,74,0,NYS ELA Exam 2011,1,2011
208422691,65,0,NYS ELA Exam 2011,1,2011
269456489,87,0,NYS ELA Exam 2011,1,2011
270371016,87,0,NYS ELA Exam 2011,1,2011
270227697,92,0,NYS ELA Exam 2011,1,2011
270370885,85,0,NYS ELA Exam 2011,1,2011
212591242,97,0,NYS ELA Exam 2011,1,2011
203553664,91,0,NYS ELA Exam 2011,1,2011
269555363,94,0,NYS ELA Exam 2011,1,2011
270875636,84,0,NYS ELA Exam 2011,1,2011
271192833,91,0,NYS ELA Exam 2011,1,2011
270266414,93,0,NYS ELA Exam 2011,1,2011
270317415,80,0,NYS ELA Exam 2011,1,2011
270430176,87,0,NYS ELA Exam 2011,1,2011
274441492,92,0,NYS ELA Exam 2011,1,2011
270345341,82,0,NYS ELA Exam 2011,1,2011
270198302,89,0,NYS ELA Exam 2011,1,2011
269435103,89,0,NYS ELA Exam 2011,1,2011
270441389,74,0,NYS ELA Exam 2011,1,2011
270101827,92,0,NYS ELA Exam 2011,1,2011
269468443,69,0,NYS ELA Exam 2011,1,2011
274544162,98,0,NYS ELA Exam 2011,1,2011
204253355,89,0,NYS ELA Exam 2011,1,2011
270441116,77,0,NYS ELA Exam 2011,1,2011
270889504,80,0,NYS ELA Exam 2011,1,2011
216183889,85,0,NYS ELA Exam 2011,1,2011
270556046,99,0,NYS ELA Exam 2011,1,2011
270441066,94,0,NYS ELA Exam 2011,1,2011
270207665,91,0,NYS ELA Exam 2011,1,2011
268695533,79,0,NYS ELA Exam 2011,1,2011
269232674,85,0,NYS ELA Exam 2011,1,2011
270266216,92,0,NYS ELA Exam 2011,1,2011
209489699,91,0,NYS ELA Exam 2011,1,2011
219534229,92,0,NYS ELA Exam 2011,1,2011
269627741,87,0,NYS ELA Exam 2011,1,2011
269140372,88,0,NYS ELA Exam 2011,1,2011
202732673,75,0,NYS ELA Exam 2011,1,2011
206233553,85,0,NYS ELA Exam 2011,1,2011
274721463,80,0,NYS ELA Exam 2011,1,2011
270027634,88,0,NYS ELA Exam 2011,1,2011
274586874,88,0,NYS ELA Exam 2011,1,2011
274741792,68,0,NYS ELA Exam 2011,1,2011
204551402,66,0,NYS ELA Exam 2011,1,2011
274786235,98,0,NYS ELA Exam 2011,1,2011
200483501,85,0,NYS ELA Exam 2011,1,2011
274188655,62,0,NYS ELA Exam 2011,1,2011
202859302,80,0,NYS ELA Exam 2011,1,2011
206202244,65,0,NYS ELA Exam 2011,1,2011
200796324,88,0,NYS ELA Exam 2011,1,2011
268602760,71,0,NYS ELA Exam 2011,1,2011
207846601,65,0,NYS ELA Exam 2011,1,2011
207846551,77,0,NYS ELA Exam 2011,1,2011
270608573,75,0,NYS ELA Exam 2011,1,2011
203166608,62,0,NYS ELA Exam 2011,1,2011
275029726,79,0,NYS ELA Exam 2011,1,2011
274304500,85,0,NYS ELA Exam 2011,1,2011
271140758,82,0,NYS ELA Exam 2011,1,2011
270521966,100,0,NYS ELA Exam 2011,1,2011
206093221,73,0,NYS ELA Exam 2011,1,2011
208154807,82,0,NYS ELA Exam 2011,1,2011
270469109,,0,NYS ELA Exam 2011,1,2011
270493364,68,0,NYS ELA Exam 2011,1,2011
274586718,80,0,NYS ELA Exam 2011,1,2011
270581812,75,0,NYS ELA Exam 2011,1,2011
270600463,77,0,NYS ELA Exam 2011,1,2011
270167737,77,0,NYS ELA Exam 2011,1,2011
270468895,80,0,NYS ELA Exam 2011,1,2011
204419527,75,0,NYS ELA Exam 2011,1,2011
270011554,86,0,NYS ELA Exam 2011,1,2011
270492788,79,0,NYS ELA Exam 2011,1,2011
274742238,88,0,NYS ELA Exam 2011,1,2011
270424492,86,0,NYS ELA Exam 2011,1,2011
270264724,69,0,NYS ELA Exam 2011,1,2011
274326875,80,0,NYS ELA Exam 2011,1,2011
224610485,80,0,NYS ELA Exam 2011,1,2011
268535440,68,0,NYS ELA Exam 2011,1,2011
270291263,79,0,NYS ELA Exam 2011,1,2011
270430580,75,0,NYS ELA Exam 2011,1,2011
274541598,94,0,NYS ELA Exam 2011,1,2011
274587450,86,0,NYS ELA Exam 2011,1,2011
202974622,77,0,NYS ELA Exam 2011,1,2011
274322981,79,0,NYS ELA Exam 2011,1,2011
270832868,69,0,NYS ELA Exam 2011,1,2011
204269138,86,0,NYS ELA Exam 2011,1,2011
274174150,77,0,NYS ELA Exam 2011,1,2011
274225614,73,0,NYS ELA Exam 2011,1,2011
206326712,88,0,NYS ELA Exam 2011,1,2011
270119274,73,0,NYS ELA Exam 2011,1,2011
204566152,94,0,NYS ELA Exam 2011,1,2011
204531750,82,0,NYS ELA Exam 2011,1,2011
269822524,77,0,NYS ELA Exam 2011,1,2011
268510013,80,0,NYS ELA Exam 2011,1,2011
274637271,79,0,NYS ELA Exam 2011,1,2011
216183863,90,0,NYS ELA Exam 2011,1,2011
270581770,80,0,NYS ELA Exam 2011,1,2011
214574568,88,0,NYS ELA Exam 2011,1,2011
216416909,,0,NYS ELA Exam 2011,1,2011
274688589,71,0,NYS ELA Exam 2011,1,2011
270211733,68,0,NYS ELA Exam 2011,1,2011
270492895,69,0,NYS ELA Exam 2011,1,2011
206325854,71,0,NYS ELA Exam 2011,1,2011
274174382,69,0,NYS ELA Exam 2011,1,2011
274786151,86,0,NYS ELA Exam 2011,1,2011
274814474,73,0,NYS ELA Exam 2011,1,2011
270521990,85,0,NYS ELA Exam 2011,1,2011
270469067,75,0,NYS ELA Exam 2011,1,2011
274757939,68,0,NYS ELA Exam 2011,1,2011
268278629,82,0,NYS ELA Exam 2011,1,2011
270441645,90,0,NYS ELA Exam 2011,1,2011
271199697,71,0,NYS ELA Exam 2011,1,2011
271162133,77,0,NYS ELA Exam 2011,1,2011
274684687,100,0,NYS ELA Exam 2011,1,2011
270264906,79,0,NYS ELA Exam 2011,1,2011
206093759,79,0,NYS ELA Exam 2011,1,2011
274683713,85,0,NYS ELA Exam 2011,1,2011
274771401,75,0,NYS ELA Exam 2011,1,2011
274720804,73,0,NYS ELA Exam 2011,1,2011
268324167,85,0,NYS ELA Exam 2011,1,2011
275056976,69,0,NYS ELA Exam 2011,1,2011
274786664,92,0,NYS ELA Exam 2011,1,2011
270441520,85,0,NYS ELA Exam 2011,1,2011
270930407,79,0,NYS ELA Exam 2011,1,2011
274979780,71,0,NYS ELA Exam 2011,1,2011
216183871,79,0,NYS ELA Exam 2011,1,2011
271111114,82,0,NYS ELA Exam 2011,1,2011
274587393,85,0,NYS ELA Exam 2011,1,2011
209091156,77,0,NYS ELA Exam 2011,1,2011
270370927,77,0,NYS ELA Exam 2011,1,2011
271112609,66,0,NYS ELA Exam 2011,1,2011
274174291,82,0,NYS ELA Exam 2011,1,2011
270265721,82,0,NYS ELA Exam 2011,1,2011
268380953,79,0,NYS ELA Exam 2011,1,2011
274758432,73,0,NYS ELA Exam 2011,1,2011
274843002,77,0,NYS ELA Exam 2011,1,2011
269628202,92,0,NYS ELA Exam 2011,1,2011
270493471,80,0,NYS ELA Exam 2011,1,2011
270548654,80,0,NYS ELA Exam 2011,1,2011
270265481,73,0,NYS ELA Exam 2011,1,2011
274637628,77,0,NYS ELA Exam 2011,1,2011
270556707,65,0,NYS ELA Exam 2011,1,2011
202369021,79,0,NYS ELA Exam 2011,1,2011
200776953,85,0,NYS ELA Exam 2011,1,2011
216183897,88,0,NYS ELA Exam 2011,1,2011
270469471,80,0,NYS ELA Exam 2011,1,2011
270492846,86,0,NYS ELA Exam 2011,1,2011
274174184,73,0,NYS ELA Exam 2011,1,2011
