202732673,480,6,PSAT: Critical Reading 2011,3,2010
202732673,510,7,PSAT: Mathematics 2011,3,2010
206233553,380,6,PSAT: Critical Reading 2011,3,2010
206233553,550,7,PSAT: Mathematics 2011,3,2010
274721463,460,6,PSAT: Critical Reading 2011,3,2010
274721463,610,7,PSAT: Mathematics 2011,3,2010
270027634,510,6,PSAT: Critical Reading 2011,3,2010
270027634,540,7,PSAT: Mathematics 2011,3,2010
274586874,560,6,PSAT: Critical Reading 2011,3,2010
274586874,590,7,PSAT: Mathematics 2011,3,2010
274741792,420,6,PSAT: Critical Reading 2011,3,2010
274741792,490,7,PSAT: Mathematics 2011,3,2010
204551402,290,6,PSAT: Critical Reading 2011,3,2010
204551402,470,7,PSAT: Mathematics 2011,3,2010
274786235,480,6,PSAT: Critical Reading 2011,3,2010
274786235,540,7,PSAT: Mathematics 2011,3,2010
200483501,580,6,PSAT: Critical Reading 2011,3,2010
200483501,570,7,PSAT: Mathematics 2011,3,2010
274188655,430,6,PSAT: Critical Reading 2011,3,2010
274188655,470,7,PSAT: Mathematics 2011,3,2010
202859302,440,6,PSAT: Critical Reading 2011,3,2010
202859302,510,7,PSAT: Mathematics 2011,3,2010
206202244,380,6,PSAT: Critical Reading 2011,3,2010
206202244,360,7,PSAT: Mathematics 2011,3,2010
268602760,410,6,PSAT: Critical Reading 2011,3,2010
268602760,440,7,PSAT: Mathematics 2011,3,2010
207846601,400,6,PSAT: Critical Reading 2011,3,2010
207846601,500,7,PSAT: Mathematics 2011,3,2010
207846551,390,6,PSAT: Critical Reading 2011,3,2010
207846551,480,7,PSAT: Mathematics 2011,3,2010
270608573,440,6,PSAT: Critical Reading 2011,3,2010
270608573,540,7,PSAT: Mathematics 2011,3,2010
203166608,330,6,PSAT: Critical Reading 2011,3,2010
203166608,460,7,PSAT: Mathematics 2011,3,2010
275029726,450,6,PSAT: Critical Reading 2011,3,2010
275029726,510,7,PSAT: Mathematics 2011,3,2010
274304500,530,6,PSAT: Critical Reading 2011,3,2010
274304500,590,7,PSAT: Mathematics 2011,3,2010
271140758,510,6,PSAT: Critical Reading 2011,3,2010
271140758,540,7,PSAT: Mathematics 2011,3,2010
270521966,670,6,PSAT: Critical Reading 2011,3,2010
270521966,550,7,PSAT: Mathematics 2011,3,2010
208154807,410,6,PSAT: Critical Reading 2011,3,2010
208154807,470,7,PSAT: Mathematics 2011,3,2010
270469109,570,6,PSAT: Critical Reading 2011,3,2010
270469109,460,7,PSAT: Mathematics 2011,3,2010
206093221,420,6,PSAT: Critical Reading 2011,3,2010
206093221,470,7,PSAT: Mathematics 2011,3,2010
270493364,430,6,PSAT: Critical Reading 2011,3,2010
270493364,480,7,PSAT: Mathematics 2011,3,2010
274586718,460,6,PSAT: Critical Reading 2011,3,2010
274586718,530,7,PSAT: Mathematics 2011,3,2010
270581812,440,6,PSAT: Critical Reading 2011,3,2010
270581812,530,7,PSAT: Mathematics 2011,3,2010
270600463,540,6,PSAT: Critical Reading 2011,3,2010
270600463,500,7,PSAT: Mathematics 2011,3,2010
270167737,470,6,PSAT: Critical Reading 2011,3,2010
270167737,480,7,PSAT: Mathematics 2011,3,2010
270468895,400,6,PSAT: Critical Reading 2011,3,2010
270468895,530,7,PSAT: Mathematics 2011,3,2010
204419527,410,6,PSAT: Critical Reading 2011,3,2010
204419527,540,7,PSAT: Mathematics 2011,3,2010
270011554,580,6,PSAT: Critical Reading 2011,3,2010
270011554,540,7,PSAT: Mathematics 2011,3,2010
270492788,380,6,PSAT: Critical Reading 2011,3,2010
270492788,390,7,PSAT: Mathematics 2011,3,2010
274742238,580,6,PSAT: Critical Reading 2011,3,2010
274742238,650,7,PSAT: Mathematics 2011,3,2010
270424492,430,6,PSAT: Critical Reading 2011,3,2010
270424492,430,7,PSAT: Mathematics 2011,3,2010
270264724,390,6,PSAT: Critical Reading 2011,3,2010
270264724,420,7,PSAT: Mathematics 2011,3,2010
274326875,530,6,PSAT: Critical Reading 2011,3,2010
274326875,540,7,PSAT: Mathematics 2011,3,2010
224610485,460,6,PSAT: Critical Reading 2011,3,2010
224610485,460,7,PSAT: Mathematics 2011,3,2010
268535440,390,6,PSAT: Critical Reading 2011,3,2010
268535440,440,7,PSAT: Mathematics 2011,3,2010
270291263,410,6,PSAT: Critical Reading 2011,3,2010
270291263,550,7,PSAT: Mathematics 2011,3,2010
270430580,420,6,PSAT: Critical Reading 2011,3,2010
270430580,430,7,PSAT: Mathematics 2011,3,2010
274541598,490,6,PSAT: Critical Reading 2011,3,2010
274541598,490,7,PSAT: Mathematics 2011,3,2010
274587450,410,6,PSAT: Critical Reading 2011,3,2010
274587450,610,7,PSAT: Mathematics 2011,3,2010
202974622,480,6,PSAT: Critical Reading 2011,3,2010
202974622,590,7,PSAT: Mathematics 2011,3,2010
274322981,420,6,PSAT: Critical Reading 2011,3,2010
274322981,460,7,PSAT: Mathematics 2011,3,2010
200796324,440,6,PSAT: Critical Reading 2011,3,2010
200796324,480,7,PSAT: Mathematics 2011,3,2010
270832868,410,6,PSAT: Critical Reading 2011,3,2010
270832868,440,7,PSAT: Mathematics 2011,3,2010
204269138,460,6,PSAT: Critical Reading 2011,3,2010
204269138,540,7,PSAT: Mathematics 2011,3,2010
274174150,340,6,PSAT: Critical Reading 2011,3,2010
274174150,400,7,PSAT: Mathematics 2011,3,2010
274225614,400,6,PSAT: Critical Reading 2011,3,2010
274225614,540,7,PSAT: Mathematics 2011,3,2010
206326712,540,6,PSAT: Critical Reading 2011,3,2010
206326712,500,7,PSAT: Mathematics 2011,3,2010
270119274,330,6,PSAT: Critical Reading 2011,3,2010
270119274,420,7,PSAT: Mathematics 2011,3,2010
204566152,450,6,PSAT: Critical Reading 2011,3,2010
204566152,620,7,PSAT: Mathematics 2011,3,2010
204531750,450,6,PSAT: Critical Reading 2011,3,2010
204531750,430,7,PSAT: Mathematics 2011,3,2010
269822524,510,6,PSAT: Critical Reading 2011,3,2010
269822524,490,7,PSAT: Mathematics 2011,3,2010
268510013,470,6,PSAT: Critical Reading 2011,3,2010
268510013,470,7,PSAT: Mathematics 2011,3,2010
274637271,450,6,PSAT: Critical Reading 2011,3,2010
274637271,590,7,PSAT: Mathematics 2011,3,2010
216183863,520,6,PSAT: Critical Reading 2011,3,2010
216183863,440,7,PSAT: Mathematics 2011,3,2010
270581770,540,6,PSAT: Critical Reading 2011,3,2010
270581770,510,7,PSAT: Mathematics 2011,3,2010
214574568,660,6,PSAT: Critical Reading 2011,3,2010
214574568,630,7,PSAT: Mathematics 2011,3,2010
216416909,460,6,PSAT: Critical Reading 2011,3,2010
216416909,550,7,PSAT: Mathematics 2011,3,2010
274688589,480,6,PSAT: Critical Reading 2011,3,2010
274688589,490,7,PSAT: Mathematics 2011,3,2010
270211733,430,6,PSAT: Critical Reading 2011,3,2010
270211733,470,7,PSAT: Mathematics 2011,3,2010
270492895,470,6,PSAT: Critical Reading 2011,3,2010
270492895,460,7,PSAT: Mathematics 2011,3,2010
206325854,470,6,PSAT: Critical Reading 2011,3,2010
206325854,480,7,PSAT: Mathematics 2011,3,2010
274174382,480,6,PSAT: Critical Reading 2011,3,2010
274174382,530,7,PSAT: Mathematics 2011,3,2010
274786151,570,6,PSAT: Critical Reading 2011,3,2010
274786151,470,7,PSAT: Mathematics 2011,3,2010
274814474,540,6,PSAT: Critical Reading 2011,3,2010
274814474,390,7,PSAT: Mathematics 2011,3,2010
270521990,600,6,PSAT: Critical Reading 2011,3,2010
270521990,430,7,PSAT: Mathematics 2011,3,2010
270469067,540,6,PSAT: Critical Reading 2011,3,2010
270469067,590,7,PSAT: Mathematics 2011,3,2010
274757939,360,6,PSAT: Critical Reading 2011,3,2010
274757939,490,7,PSAT: Mathematics 2011,3,2010
268278629,430,6,PSAT: Critical Reading 2011,3,2010
268278629,540,7,PSAT: Mathematics 2011,3,2010
270441645,490,6,PSAT: Critical Reading 2011,3,2010
270441645,510,7,PSAT: Mathematics 2011,3,2010
271199697,360,6,PSAT: Critical Reading 2011,3,2010
271199697,430,7,PSAT: Mathematics 2011,3,2010
271162133,430,6,PSAT: Critical Reading 2011,3,2010
271162133,500,7,PSAT: Mathematics 2011,3,2010
274684687,640,6,PSAT: Critical Reading 2011,3,2010
274684687,720,7,PSAT: Mathematics 2011,3,2010
270264906,380,6,PSAT: Critical Reading 2011,3,2010
270264906,620,7,PSAT: Mathematics 2011,3,2010
206093759,410,6,PSAT: Critical Reading 2011,3,2010
206093759,420,7,PSAT: Mathematics 2011,3,2010
274683713,480,6,PSAT: Critical Reading 2011,3,2010
274683713,550,7,PSAT: Mathematics 2011,3,2010
274771401,420,6,PSAT: Critical Reading 2011,3,2010
274771401,490,7,PSAT: Mathematics 2011,3,2010
274720804,470,6,PSAT: Critical Reading 2011,3,2010
274720804,390,7,PSAT: Mathematics 2011,3,2010
268324167,490,6,PSAT: Critical Reading 2011,3,2010
268324167,460,7,PSAT: Mathematics 2011,3,2010
275056976,580,6,PSAT: Critical Reading 2011,3,2010
275056976,510,7,PSAT: Mathematics 2011,3,2010
274786664,580,6,PSAT: Critical Reading 2011,3,2010
274786664,510,7,PSAT: Mathematics 2011,3,2010
270441520,510,6,PSAT: Critical Reading 2011,3,2010
270441520,440,7,PSAT: Mathematics 2011,3,2010
270930407,560,6,PSAT: Critical Reading 2011,3,2010
270930407,540,7,PSAT: Mathematics 2011,3,2010
274979780,380,6,PSAT: Critical Reading 2011,3,2010
274979780,420,7,PSAT: Mathematics 2011,3,2010
216183871,570,6,PSAT: Critical Reading 2011,3,2010
216183871,580,7,PSAT: Mathematics 2011,3,2010
271111114,340,6,PSAT: Critical Reading 2011,3,2010
271111114,480,7,PSAT: Mathematics 2011,3,2010
274587393,520,6,PSAT: Critical Reading 2011,3,2010
274587393,480,7,PSAT: Mathematics 2011,3,2010
209091156,480,6,PSAT: Critical Reading 2011,3,2010
209091156,470,7,PSAT: Mathematics 2011,3,2010
270370927,450,6,PSAT: Critical Reading 2011,3,2010
270370927,500,7,PSAT: Mathematics 2011,3,2010
271112609,400,6,PSAT: Critical Reading 2011,3,2010
271112609,580,7,PSAT: Mathematics 2011,3,2010
274174291,440,6,PSAT: Critical Reading 2011,3,2010
274174291,430,7,PSAT: Mathematics 2011,3,2010
270265721,540,6,PSAT: Critical Reading 2011,3,2010
270265721,500,7,PSAT: Mathematics 2011,3,2010
268380953,460,6,PSAT: Critical Reading 2011,3,2010
268380953,500,7,PSAT: Mathematics 2011,3,2010
274758432,430,6,PSAT: Critical Reading 2011,3,2010
274758432,540,7,PSAT: Mathematics 2011,3,2010
274843002,450,6,PSAT: Critical Reading 2011,3,2010
274843002,510,7,PSAT: Mathematics 2011,3,2010
269628202,480,6,PSAT: Critical Reading 2011,3,2010
269628202,530,7,PSAT: Mathematics 2011,3,2010
270493471,550,6,PSAT: Critical Reading 2011,3,2010
270493471,530,7,PSAT: Mathematics 2011,3,2010
270548654,410,6,PSAT: Critical Reading 2011,3,2010
270548654,500,7,PSAT: Mathematics 2011,3,2010
270265481,540,6,PSAT: Critical Reading 2011,3,2010
270265481,530,7,PSAT: Mathematics 2011,3,2010
274637628,420,6,PSAT: Critical Reading 2011,3,2010
274637628,470,7,PSAT: Mathematics 2011,3,2010
270556707,390,6,PSAT: Critical Reading 2011,3,2010
270556707,480,7,PSAT: Mathematics 2011,3,2010
202369021,510,6,PSAT: Critical Reading 2011,3,2010
202369021,490,7,PSAT: Mathematics 2011,3,2010
200776953,560,6,PSAT: Critical Reading 2011,3,2010
200776953,590,7,PSAT: Mathematics 2011,3,2010
216183897,460,6,PSAT: Critical Reading 2011,3,2010
216183897,540,7,PSAT: Mathematics 2011,3,2010
270469471,480,6,PSAT: Critical Reading 2011,3,2010
270469471,460,7,PSAT: Mathematics 2011,3,2010
270492846,540,6,PSAT: Critical Reading 2011,3,2010
270492846,610,7,PSAT: Mathematics 2011,3,2010
274174184,460,6,PSAT: Critical Reading 2011,3,2010
274174184,480,7,PSAT: Mathematics 2011,3,2010
269795977,510,6,PSAT: Critical Reading 2010,3,2010
269795977,530,6,PSAT: Critical Reading 2011,3,2010
269795977,570,7,PSAT: Mathematics 2010,3,2010
269795977,570,7,PSAT: Mathematics 2011,3,2010
269385670,420,6,PSAT: Critical Reading 2010,3,2010
269385670,410,6,PSAT: Critical Reading 2011,3,2010
269385670,570,7,PSAT: Mathematics 2010,3,2010
269385670,510,7,PSAT: Mathematics 2011,3,2010
269308557,450,6,PSAT: Critical Reading 2010,3,2010
269308557,480,6,PSAT: Critical Reading 2011,3,2010
269308557,550,7,PSAT: Mathematics 2010,3,2010
269308557,490,7,PSAT: Mathematics 2011,3,2010
270644438,530,6,PSAT: Critical Reading 2010,3,2010
270644438,550,6,PSAT: Critical Reading 2011,3,2010
270644438,560,7,PSAT: Mathematics 2010,3,2010
270644438,570,7,PSAT: Mathematics 2011,3,2010
268717816,500,6,PSAT: Critical Reading 2010,3,2010
268717816,580,6,PSAT: Critical Reading 2011,3,2010
268717816,630,7,PSAT: Mathematics 2010,3,2010
268717816,620,7,PSAT: Mathematics 2011,3,2010
269943973,470,6,PSAT: Critical Reading 2010,3,2010
269943973,470,6,PSAT: Critical Reading 2011,3,2010
269943973,480,7,PSAT: Mathematics 2010,3,2010
269943973,590,7,PSAT: Mathematics 2011,3,2010
268545043,370,6,PSAT: Critical Reading 2010,3,2010
268545043,410,6,PSAT: Critical Reading 2011,3,2010
268545043,460,7,PSAT: Mathematics 2010,3,2010
268545043,440,7,PSAT: Mathematics 2011,3,2010
208155150,470,6,PSAT: Critical Reading 2010,3,2010
208155150,580,6,PSAT: Critical Reading 2011,3,2010
208155150,540,7,PSAT: Mathematics 2010,3,2010
208155150,540,7,PSAT: Mathematics 2011,3,2010
265020529,440,6,PSAT: Critical Reading 2010,3,2010
265020529,400,6,PSAT: Critical Reading 2011,3,2010
265020529,530,7,PSAT: Mathematics 2010,3,2010
265020529,550,7,PSAT: Mathematics 2011,3,2010
274909498,530,6,PSAT: Critical Reading 2010,3,2010
274909498,540,6,PSAT: Critical Reading 2011,3,2010
274909498,530,7,PSAT: Mathematics 2010,3,2010
274909498,590,7,PSAT: Mathematics 2011,3,2010
275149185,440,6,PSAT: Critical Reading 2010,3,2010
275149185,480,6,PSAT: Critical Reading 2011,3,2010
275149185,590,7,PSAT: Mathematics 2010,3,2010
275149185,570,7,PSAT: Mathematics 2011,3,2010
269144606,520,6,PSAT: Critical Reading 2010,3,2010
269144606,480,6,PSAT: Critical Reading 2011,3,2010
269144606,510,7,PSAT: Mathematics 2010,3,2010
269144606,540,7,PSAT: Mathematics 2011,3,2010
274379999,510,6,PSAT: Critical Reading 2010,3,2010
274379999,470,6,PSAT: Critical Reading 2011,3,2010
274379999,650,7,PSAT: Mathematics 2010,3,2010
274379999,610,7,PSAT: Mathematics 2011,3,2010
269455630,470,6,PSAT: Critical Reading 2010,3,2010
269455630,440,6,PSAT: Critical Reading 2011,3,2010
269455630,360,7,PSAT: Mathematics 2010,3,2010
269455630,500,7,PSAT: Mathematics 2011,3,2010
269890547,640,6,PSAT: Critical Reading 2010,3,2010
269890547,600,6,PSAT: Critical Reading 2011,3,2010
269890547,590,7,PSAT: Mathematics 2010,3,2010
269890547,660,7,PSAT: Mathematics 2011,3,2010
267870558,450,6,PSAT: Critical Reading 2010,3,2010
267870558,540,6,PSAT: Critical Reading 2011,3,2010
267870558,420,7,PSAT: Mathematics 2010,3,2010
267870558,440,7,PSAT: Mathematics 2011,3,2010
270317621,470,6,PSAT: Critical Reading 2010,3,2010
270317621,540,6,PSAT: Critical Reading 2011,3,2010
270317621,460,7,PSAT: Mathematics 2010,3,2010
270317621,530,7,PSAT: Mathematics 2011,3,2010
268595790,490,6,PSAT: Critical Reading 2010,3,2010
268595790,560,6,PSAT: Critical Reading 2011,3,2010
268595790,490,7,PSAT: Mathematics 2010,3,2010
268595790,530,7,PSAT: Mathematics 2011,3,2010
268599362,430,6,PSAT: Critical Reading 2010,3,2010
268599362,540,6,PSAT: Critical Reading 2011,3,2010
268599362,490,7,PSAT: Mathematics 2010,3,2010
268599362,610,7,PSAT: Mathematics 2011,3,2010
268717725,380,6,PSAT: Critical Reading 2010,3,2010
268717725,450,6,PSAT: Critical Reading 2011,3,2010
268717725,450,7,PSAT: Mathematics 2010,3,2010
268717725,480,7,PSAT: Mathematics 2011,3,2010
268695475,670,6,PSAT: Critical Reading 2010,3,2010
268695475,660,6,PSAT: Critical Reading 2011,3,2010
268695475,510,7,PSAT: Mathematics 2010,3,2010
268695475,570,7,PSAT: Mathematics 2011,3,2010
269590113,560,6,PSAT: Critical Reading 2011,3,2010
269590113,540,7,PSAT: Mathematics 2011,3,2010
274742451,480,6,PSAT: Critical Reading 2010,3,2010
274742451,480,6,PSAT: Critical Reading 2011,3,2010
274742451,490,7,PSAT: Mathematics 2010,3,2010
274742451,540,7,PSAT: Mathematics 2011,3,2010
269385605,490,6,PSAT: Critical Reading 2010,3,2010
269385605,520,6,PSAT: Critical Reading 2011,3,2010
269385605,500,7,PSAT: Mathematics 2010,3,2010
269385605,540,7,PSAT: Mathematics 2011,3,2010
203350491,430,6,PSAT: Critical Reading 2010,3,2010
203350491,430,6,PSAT: Critical Reading 2011,3,2010
203350491,400,7,PSAT: Mathematics 2010,3,2010
203350491,440,7,PSAT: Mathematics 2011,3,2010
214532715,480,6,PSAT: Critical Reading 2010,3,2010
214532715,510,6,PSAT: Critical Reading 2011,3,2010
214532715,490,7,PSAT: Mathematics 2010,3,2010
214532715,510,7,PSAT: Mathematics 2011,3,2010
268195153,450,6,PSAT: Critical Reading 2010,3,2010
268195153,490,6,PSAT: Critical Reading 2011,3,2010
268195153,420,7,PSAT: Mathematics 2010,3,2010
268195153,360,7,PSAT: Mathematics 2011,3,2010
214811549,470,6,PSAT: Critical Reading 2010,3,2010
214811549,510,6,PSAT: Critical Reading 2011,3,2010
214811549,490,7,PSAT: Mathematics 2010,3,2010
214811549,500,7,PSAT: Mathematics 2011,3,2010
270141104,500,6,PSAT: Critical Reading 2010,3,2010
270141104,580,6,PSAT: Critical Reading 2011,3,2010
270141104,420,7,PSAT: Mathematics 2010,3,2010
270141104,480,7,PSAT: Mathematics 2011,3,2010
271151458,380,6,PSAT: Critical Reading 2010,3,2010
271151458,410,6,PSAT: Critical Reading 2011,3,2010
271151458,540,7,PSAT: Mathematics 2010,3,2010
271151458,510,7,PSAT: Mathematics 2011,3,2010
268717758,560,6,PSAT: Critical Reading 2010,3,2010
268717758,590,6,PSAT: Critical Reading 2011,3,2010
268717758,570,7,PSAT: Mathematics 2010,3,2010
268717758,580,7,PSAT: Mathematics 2011,3,2010
270774763,530,6,PSAT: Critical Reading 2010,3,2010
270774763,600,6,PSAT: Critical Reading 2011,3,2010
270774763,480,7,PSAT: Mathematics 2010,3,2010
270774763,570,7,PSAT: Mathematics 2011,3,2010
268410578,410,6,PSAT: Critical Reading 2010,3,2010
268410578,460,6,PSAT: Critical Reading 2011,3,2010
268410578,490,7,PSAT: Mathematics 2010,3,2010
268410578,570,7,PSAT: Mathematics 2011,3,2010
206453656,660,6,PSAT: Critical Reading 2010,3,2010
206453656,610,6,PSAT: Critical Reading 2011,3,2010
206453656,560,7,PSAT: Mathematics 2010,3,2010
206453656,500,7,PSAT: Mathematics 2011,3,2010
268194610,530,6,PSAT: Critical Reading 2010,3,2010
268194610,510,6,PSAT: Critical Reading 2011,3,2010
268194610,470,7,PSAT: Mathematics 2010,3,2010
268194610,500,7,PSAT: Mathematics 2011,3,2010
269628434,580,6,PSAT: Critical Reading 2010,3,2010
269628434,530,6,PSAT: Critical Reading 2011,3,2010
269628434,560,7,PSAT: Mathematics 2010,3,2010
269628434,580,7,PSAT: Mathematics 2011,3,2010
216183855,550,6,PSAT: Critical Reading 2010,3,2010
216183855,550,6,PSAT: Critical Reading 2011,3,2010
216183855,390,7,PSAT: Mathematics 2010,3,2010
216183855,490,7,PSAT: Mathematics 2011,3,2010
268701042,450,6,PSAT: Critical Reading 2010,3,2010
268701042,480,6,PSAT: Critical Reading 2011,3,2010
268701042,500,7,PSAT: Mathematics 2010,3,2010
268701042,510,7,PSAT: Mathematics 2011,3,2010
275057008,720,6,PSAT: Critical Reading 2010,3,2010
275057008,730,6,PSAT: Critical Reading 2011,3,2010
275057008,630,7,PSAT: Mathematics 2010,3,2010
275057008,690,7,PSAT: Mathematics 2011,3,2010
269468419,370,6,PSAT: Critical Reading 2010,3,2010
269468419,440,6,PSAT: Critical Reading 2011,3,2010
269468419,460,7,PSAT: Mathematics 2010,3,2010
269468419,490,7,PSAT: Mathematics 2011,3,2010
268491842,440,6,PSAT: Critical Reading 2010,3,2010
268491842,490,6,PSAT: Critical Reading 2011,3,2010
268491842,510,7,PSAT: Mathematics 2010,3,2010
268491842,500,7,PSAT: Mathematics 2011,3,2010
209638865,510,6,PSAT: Critical Reading 2010,3,2010
209638865,410,6,PSAT: Critical Reading 2011,3,2010
209638865,530,7,PSAT: Mathematics 2010,3,2010
209638865,530,7,PSAT: Mathematics 2011,3,2010
270211691,440,6,PSAT: Critical Reading 2010,3,2010
270211691,470,6,PSAT: Critical Reading 2011,3,2010
270211691,470,7,PSAT: Mathematics 2010,3,2010
270211691,510,7,PSAT: Mathematics 2011,3,2010
269648416,420,6,PSAT: Critical Reading 2010,3,2010
269648416,480,6,PSAT: Critical Reading 2011,3,2010
269648416,470,7,PSAT: Mathematics 2010,3,2010
269648416,510,7,PSAT: Mathematics 2011,3,2010
208961847,490,6,PSAT: Critical Reading 2010,3,2010
208961847,510,6,PSAT: Critical Reading 2011,3,2010
208961847,530,7,PSAT: Mathematics 2010,3,2010
208961847,510,7,PSAT: Mathematics 2011,3,2010
268198892,500,6,PSAT: Critical Reading 2010,3,2010
268198892,410,6,PSAT: Critical Reading 2011,3,2010
268198892,540,7,PSAT: Mathematics 2010,3,2010
268198892,530,7,PSAT: Mathematics 2011,3,2010
270263585,500,6,PSAT: Critical Reading 2010,3,2010
270263585,550,6,PSAT: Critical Reading 2011,3,2010
270263585,490,7,PSAT: Mathematics 2010,3,2010
270263585,510,7,PSAT: Mathematics 2011,3,2010
203590799,550,6,PSAT: Critical Reading 2010,3,2010
203590799,550,6,PSAT: Critical Reading 2011,3,2010
203590799,610,7,PSAT: Mathematics 2010,3,2010
203590799,570,7,PSAT: Mathematics 2011,3,2010
274510635,500,6,PSAT: Critical Reading 2010,3,2010
274510635,510,6,PSAT: Critical Reading 2011,3,2010
274510635,610,7,PSAT: Mathematics 2010,3,2010
274510635,660,7,PSAT: Mathematics 2011,3,2010
269066742,550,6,PSAT: Critical Reading 2010,3,2010
269066742,450,6,PSAT: Critical Reading 2011,3,2010
269066742,530,7,PSAT: Mathematics 2010,3,2010
269066742,570,7,PSAT: Mathematics 2011,3,2010
265860601,440,6,PSAT: Critical Reading 2010,3,2010
265860601,510,6,PSAT: Critical Reading 2011,3,2010
265860601,510,7,PSAT: Mathematics 2010,3,2010
265860601,580,7,PSAT: Mathematics 2011,3,2010
269456471,500,6,PSAT: Critical Reading 2010,3,2010
269456471,490,6,PSAT: Critical Reading 2011,3,2010
269456471,590,7,PSAT: Mathematics 2010,3,2010
269456471,650,7,PSAT: Mathematics 2011,3,2010
270399819,510,6,PSAT: Critical Reading 2010,3,2010
270399819,480,6,PSAT: Critical Reading 2011,3,2010
270399819,510,7,PSAT: Mathematics 2010,3,2010
270399819,470,7,PSAT: Mathematics 2011,3,2010
270441363,450,6,PSAT: Critical Reading 2010,3,2010
270441363,510,6,PSAT: Critical Reading 2011,3,2010
270441363,480,7,PSAT: Mathematics 2010,3,2010
270441363,540,7,PSAT: Mathematics 2011,3,2010
270400518,380,6,PSAT: Critical Reading 2010,3,2010
270400518,410,6,PSAT: Critical Reading 2011,3,2010
270400518,400,7,PSAT: Mathematics 2010,3,2010
270400518,460,7,PSAT: Mathematics 2011,3,2010
269334595,490,6,PSAT: Critical Reading 2010,3,2010
269334595,560,6,PSAT: Critical Reading 2011,3,2010
269334595,540,7,PSAT: Mathematics 2010,3,2010
269334595,580,7,PSAT: Mathematics 2011,3,2010
220057632,540,6,PSAT: Critical Reading 2010,3,2010
220057632,600,6,PSAT: Critical Reading 2011,3,2010
220057632,500,7,PSAT: Mathematics 2010,3,2010
220057632,590,7,PSAT: Mathematics 2011,3,2010
269628160,430,6,PSAT: Critical Reading 2010,3,2010
269628160,450,6,PSAT: Critical Reading 2011,3,2010
269628160,490,7,PSAT: Mathematics 2010,3,2010
269628160,550,7,PSAT: Mathematics 2011,3,2010
268635455,380,6,PSAT: Critical Reading 2010,3,2010
268635455,450,6,PSAT: Critical Reading 2011,3,2010
268635455,540,7,PSAT: Mathematics 2010,3,2010
268635455,620,7,PSAT: Mathematics 2011,3,2010
207819939,570,6,PSAT: Critical Reading 2010,3,2010
207819939,540,6,PSAT: Critical Reading 2011,3,2010
207819939,540,7,PSAT: Mathematics 2010,3,2010
207819939,510,7,PSAT: Mathematics 2011,3,2010
269335014,440,6,PSAT: Critical Reading 2010,3,2010
269335014,490,6,PSAT: Critical Reading 2011,3,2010
269335014,590,7,PSAT: Mathematics 2010,3,2010
269335014,570,7,PSAT: Mathematics 2011,3,2010
269589644,550,6,PSAT: Critical Reading 2010,3,2010
269589644,610,6,PSAT: Critical Reading 2011,3,2010
269589644,510,7,PSAT: Mathematics 2010,3,2010
269589644,580,7,PSAT: Mathematics 2011,3,2010
268451564,480,6,PSAT: Critical Reading 2010,3,2010
268451564,460,6,PSAT: Critical Reading 2011,3,2010
268451564,530,7,PSAT: Mathematics 2010,3,2010
268451564,540,7,PSAT: Mathematics 2011,3,2010
269468484,450,6,PSAT: Critical Reading 2010,3,2010
269468484,510,6,PSAT: Critical Reading 2011,3,2010
269468484,450,7,PSAT: Mathematics 2010,3,2010
269468484,470,7,PSAT: Mathematics 2011,3,2010
208422691,420,6,PSAT: Critical Reading 2011,3,2010
208422691,470,7,PSAT: Mathematics 2011,3,2010
269456489,490,6,PSAT: Critical Reading 2010,3,2010
269456489,540,6,PSAT: Critical Reading 2011,3,2010
269456489,570,7,PSAT: Mathematics 2010,3,2010
269456489,550,7,PSAT: Mathematics 2011,3,2010
270371016,420,6,PSAT: Critical Reading 2010,3,2010
270371016,480,6,PSAT: Critical Reading 2011,3,2010
270371016,470,7,PSAT: Mathematics 2010,3,2010
270371016,540,7,PSAT: Mathematics 2011,3,2010
270227697,570,6,PSAT: Critical Reading 2010,3,2010
270227697,640,6,PSAT: Critical Reading 2011,3,2010
270227697,550,7,PSAT: Mathematics 2010,3,2010
270227697,540,7,PSAT: Mathematics 2011,3,2010
270370885,450,6,PSAT: Critical Reading 2010,3,2010
270370885,450,6,PSAT: Critical Reading 2011,3,2010
270370885,570,7,PSAT: Mathematics 2010,3,2010
270370885,540,7,PSAT: Mathematics 2011,3,2010
212591242,620,6,PSAT: Critical Reading 2011,3,2010
212591242,570,7,PSAT: Mathematics 2011,3,2010
203553664,420,6,PSAT: Critical Reading 2010,3,2010
203553664,430,6,PSAT: Critical Reading 2011,3,2010
203553664,490,7,PSAT: Mathematics 2010,3,2010
203553664,490,7,PSAT: Mathematics 2011,3,2010
269555363,600,6,PSAT: Critical Reading 2011,3,2010
269555363,650,7,PSAT: Mathematics 2011,3,2010
270875636,330,6,PSAT: Critical Reading 2010,3,2010
270875636,480,6,PSAT: Critical Reading 2011,3,2010
270875636,440,7,PSAT: Mathematics 2010,3,2010
270875636,480,7,PSAT: Mathematics 2011,3,2010
271192833,620,6,PSAT: Critical Reading 2010,3,2010
271192833,580,6,PSAT: Critical Reading 2011,3,2010
271192833,650,7,PSAT: Mathematics 2010,3,2010
271192833,670,7,PSAT: Mathematics 2011,3,2010
270266414,520,6,PSAT: Critical Reading 2010,3,2010
270266414,410,6,PSAT: Critical Reading 2011,3,2010
270266414,500,7,PSAT: Mathematics 2010,3,2010
270266414,510,7,PSAT: Mathematics 2011,3,2010
270317415,420,6,PSAT: Critical Reading 2010,3,2010
270317415,480,6,PSAT: Critical Reading 2011,3,2010
270317415,510,7,PSAT: Mathematics 2010,3,2010
270317415,610,7,PSAT: Mathematics 2011,3,2010
270430176,500,6,PSAT: Critical Reading 2010,3,2010
270430176,420,6,PSAT: Critical Reading 2011,3,2010
270430176,590,7,PSAT: Mathematics 2010,3,2010
270430176,620,7,PSAT: Mathematics 2011,3,2010
274441492,410,6,PSAT: Critical Reading 2010,3,2010
274441492,450,6,PSAT: Critical Reading 2011,3,2010
274441492,490,7,PSAT: Mathematics 2010,3,2010
274441492,620,7,PSAT: Mathematics 2011,3,2010
270345341,450,6,PSAT: Critical Reading 2010,3,2010
270345341,530,6,PSAT: Critical Reading 2011,3,2010
270345341,510,7,PSAT: Mathematics 2010,3,2010
270345341,590,7,PSAT: Mathematics 2011,3,2010
270198302,450,6,PSAT: Critical Reading 2010,3,2010
270198302,580,6,PSAT: Critical Reading 2011,3,2010
270198302,510,7,PSAT: Mathematics 2010,3,2010
270198302,510,7,PSAT: Mathematics 2011,3,2010
269435103,510,6,PSAT: Critical Reading 2010,3,2010
269435103,510,6,PSAT: Critical Reading 2011,3,2010
269435103,460,7,PSAT: Mathematics 2010,3,2010
269435103,440,7,PSAT: Mathematics 2011,3,2010
270441389,380,6,PSAT: Critical Reading 2010,3,2010
270441389,360,6,PSAT: Critical Reading 2011,3,2010
270441389,600,7,PSAT: Mathematics 2010,3,2010
270441389,620,7,PSAT: Mathematics 2011,3,2010
270101827,500,6,PSAT: Critical Reading 2010,3,2010
270101827,560,6,PSAT: Critical Reading 2011,3,2010
270101827,510,7,PSAT: Mathematics 2010,3,2010
270101827,550,7,PSAT: Mathematics 2011,3,2010
269468443,320,6,PSAT: Critical Reading 2010,3,2010
269468443,420,6,PSAT: Critical Reading 2011,3,2010
269468443,490,7,PSAT: Mathematics 2010,3,2010
269468443,470,7,PSAT: Mathematics 2011,3,2010
274544162,590,6,PSAT: Critical Reading 2010,3,2010
274544162,540,6,PSAT: Critical Reading 2011,3,2010
274544162,390,7,PSAT: Mathematics 2010,3,2010
274544162,410,7,PSAT: Mathematics 2011,3,2010
204253355,340,6,PSAT: Critical Reading 2010,3,2010
204253355,460,6,PSAT: Critical Reading 2011,3,2010
204253355,460,7,PSAT: Mathematics 2010,3,2010
204253355,500,7,PSAT: Mathematics 2011,3,2010
270441116,450,6,PSAT: Critical Reading 2010,3,2010
270441116,410,6,PSAT: Critical Reading 2011,3,2010
270441116,460,7,PSAT: Mathematics 2010,3,2010
270441116,460,7,PSAT: Mathematics 2011,3,2010
270889504,530,6,PSAT: Critical Reading 2010,3,2010
270889504,470,6,PSAT: Critical Reading 2011,3,2010
270889504,480,7,PSAT: Mathematics 2010,3,2010
270889504,480,7,PSAT: Mathematics 2011,3,2010
216183889,420,6,PSAT: Critical Reading 2010,3,2010
216183889,440,6,PSAT: Critical Reading 2011,3,2010
216183889,560,7,PSAT: Mathematics 2010,3,2010
216183889,540,7,PSAT: Mathematics 2011,3,2010
270556046,620,6,PSAT: Critical Reading 2010,3,2010
270556046,630,6,PSAT: Critical Reading 2011,3,2010
270556046,530,7,PSAT: Mathematics 2010,3,2010
270556046,530,7,PSAT: Mathematics 2011,3,2010
270441066,530,6,PSAT: Critical Reading 2010,3,2010
270441066,510,6,PSAT: Critical Reading 2011,3,2010
270441066,590,7,PSAT: Mathematics 2010,3,2010
270441066,580,7,PSAT: Mathematics 2011,3,2010
270207665,590,6,PSAT: Critical Reading 2010,3,2010
270207665,580,6,PSAT: Critical Reading 2011,3,2010
270207665,550,7,PSAT: Mathematics 2010,3,2010
270207665,580,7,PSAT: Mathematics 2011,3,2010
268695533,440,6,PSAT: Critical Reading 2010,3,2010
268695533,420,6,PSAT: Critical Reading 2011,3,2010
268695533,490,7,PSAT: Mathematics 2010,3,2010
268695533,510,7,PSAT: Mathematics 2011,3,2010
269232674,480,6,PSAT: Critical Reading 2010,3,2010
269232674,430,6,PSAT: Critical Reading 2011,3,2010
269232674,480,7,PSAT: Mathematics 2010,3,2010
269232674,590,7,PSAT: Mathematics 2011,3,2010
270266216,490,6,PSAT: Critical Reading 2010,3,2010
270266216,460,6,PSAT: Critical Reading 2011,3,2010
270266216,550,7,PSAT: Mathematics 2010,3,2010
270266216,610,7,PSAT: Mathematics 2011,3,2010
209489699,410,6,PSAT: Critical Reading 2010,3,2010
209489699,400,6,PSAT: Critical Reading 2011,3,2010
209489699,400,7,PSAT: Mathematics 2010,3,2010
209489699,390,7,PSAT: Mathematics 2011,3,2010
219534229,480,6,PSAT: Critical Reading 2010,3,2010
219534229,540,6,PSAT: Critical Reading 2011,3,2010
219534229,540,7,PSAT: Mathematics 2010,3,2010
219534229,570,7,PSAT: Mathematics 2011,3,2010
269627741,400,6,PSAT: Critical Reading 2010,3,2010
269627741,480,6,PSAT: Critical Reading 2011,3,2010
269627741,440,7,PSAT: Mathematics 2010,3,2010
269627741,510,7,PSAT: Mathematics 2011,3,2010
