"IS 227",204746010
"PPA",204399455
"PPA",204878821
"PPA",204908859
"PPA",206408957
"PPA",207213489
"PPA",207676834
"PPA",208249698
"PPA",208313569
"PPA",208313924
"PPA",208694349
"PPA",208694521
"PPA",208982546
"PPA",220088884
"PPA",221100092
"PS 100",203310776
"PS 100",203792973
"PS 100",204066450
"PS 100",204088173
"PS 100",204111371
"PS 100",204747679
"PS 100",205366396
"PS 100",205507320
"PS 100",205739790
"PS 100",206019101
"PS 100",206047573
"PS 100",206078172
"PS 100",206450710
"PS 100",207658204
"PS 100",207688037
"PS 100",207756693
"PS 100",207756875
"PS 100",207908880
"PS 100",207909284
"PS 100",208350058
"PS 100",208715508
"PS 100",208820100
"PS 100",209330711
"PS 104",203652045
"PS 104",204782981
"PS 104",206484065
"PS 104",206484230
"PS 104",206649469
"PS 104",206794158
"PS 104",207176314
"PS 104",207356395
"PS 104",207499039
"PS 104",207510116
"PS 104",207975566
"PS 104",207978420
"PS 104",208313668
"PS 104",208556837
"PS 104",208872267
"PS 105",204444830
"PS 105",204888135
"PS 105",208186627
"PS 105",209013523
"PS 105",209482454
"PS 106",203776133
"PS 106",204307128
"PS 106",204378517
"PS 106",204378582
"PS 106",204379135
"PS 106",204379143
"PS 106",204390405
"PS 106",204878458
"PS 106",205357528
"PS 106",205553928
"PS 106",205643794
"PS 106",205670573
"PS 106",205909864
"PS 106",205950611
"PS 106",205977580
"PS 106",205982804
"PS 106",205982861
"PS 106",206202764
"PS 106",206202889
"PS 106",206203077
"PS 106",206233520
"PS 106",206482788
"PS 106",206626996
"PS 106",206650913
"PS 106",207249673
"PS 106",207250234
"PS 106",207356189
"PS 106",207454232
"PS 106",207647751
"PS 106",207648437
"PS 106",207802505
"PS 106",207910407
"PS 106",207976507
"PS 106",208119750
"PS 106",208187401
"PS 106",208232173
"PS 106",208270918
"PS 106",209091107
"PS 106",209635705
"PS 106",214575177
"PS 106",214904179
"PS 106",275184513
"PS 108",204529978
"PS 108",205403421
"PS 108",206541971
"PS 108",206616658
"PS 108",207176546
"PS 108",207176579
"PS 108",207709239
"PS 108",207744327
"PS 108",208154658
"PS 108",208968008
"PS 108",209046184
"PS 114",203574983
"PS 114",203629407
"PS 114",203681325
"PS 114",203681424
"PS 114",203776844
"PS 114",203776927
"PS 114",203810882
"PS 114",203833231
"PS 114",203849161
"PS 114",203849203
"PS 114",203921846
"PS 114",203932520
"PS 114",203932918
"PS 114",203932926
"PS 114",203965371
"PS 114",203965470
"PS 114",203965587
"PS 114",204050793
"PS 114",204050801
"PS 114",204050850
"PS 114",204050884
"PS 114",204050959
"PS 114",204050991
"PS 114",204051114
"PS 114",204066518
"PS 114",204319404
"PS 114",204362453
"PS 114",204390207
"PS 114",204471940
"PS 114",204695654
"PS 114",204821896
"PS 114",204821961
"PS 114",204853261
"PS 114",204853329
"PS 114",205075138
"PS 114",205211246
"PS 114",205336977
"PS 114",205343403
"PS 114",205439243
"PS 114",205496334
"PS 114",205507205
"PS 114",205527765
"PS 114",205555626
"PS 114",205585672
"PS 114",205585706
"PS 114",205585714
"PS 114",205585730
"PS 114",205585755
"PS 114",205585763
"PS 114",205585789
"PS 114",205585805
"PS 114",205644008
"PS 114",205644024
"PS 114",205782238
"PS 114",205801160
"PS 114",205801202
"PS 114",205801269
"PS 114",205801350
"PS 114",205801392
"PS 114",205801699
"PS 114",205801731
"PS 114",205801749
"PS 114",205801764
"PS 114",205801772
"PS 114",205801798
"PS 114",205831092
"PS 114",205857113
"PS 114",205865462
"PS 114",205896053
"PS 114",205902745
"PS 114",205902802
"PS 114",205933237
"PS 114",205933583
"PS 114",205933617
"PS 114",205945025
"PS 114",205977762
"PS 114",205983760
"PS 114",206007924
"PS 114",206007940
"PS 114",206007965
"PS 114",206253338
"PS 114",206451247
"PS 114",206584492
"PS 114",206584500
"PS 114",206782328
"PS 114",206815797
"PS 114",206929366
"PS 114",206929382
"PS 114",207004243
"PS 114",207009416
"PS 114",207176116
"PS 114",207176124
"PS 114",207176322
"PS 114",207176330
"PS 114",207191495
"PS 114",207234741
"PS 114",207234915
"PS 114",207234931
"PS 114",207234956
"PS 114",207234980
"PS 114",207235185
"PS 114",207235334
"PS 114",207235367
"PS 114",207235425
"PS 114",207235433
"PS 114",207356080
"PS 114",207356163
"PS 114",207389784
"PS 114",207389792
"PS 114",207389818
"PS 114",207389859
"PS 114",207389875
"PS 114",207389933
"PS 114",207389941
"PS 114",207389958
"PS 114",207389974
"PS 114",207406422
"PS 114",207425125
"PS 114",207481102
"PS 114",207481136
"PS 114",207481177
"PS 114",207481359
"PS 114",207481367
"PS 114",207481441
"PS 114",207481466
"PS 114",207648221
"PS 114",207648254
"PS 114",207648270
"PS 114",207648296
"PS 114",207648361
"PS 114",207648411
"PS 114",207648429
"PS 114",207657479
"PS 114",207676529
"PS 114",207676743
"PS 114",207802893
"PS 114",207819665
"PS 114",207846791
"PS 114",207978115
"PS 114",207978800
"PS 114",208211912
"PS 114",208643486
"PS 114",208715664
"PS 114",208716134
"PS 114",209090638
"PS 114",209091115
"PS 114",209181551
"PS 114",209305937
"PS 114",209420470
"PS 114",214610602
"PS 114",215077702
"PS 114",215388158
"PS 114",222685497
"PS 114",274683507
"PS 114",275256576
"PS 11Q",205954027
"PS 124",207129313
"PS 124",208364331
"PS 124",209459437
"PS 124",219794922
"PS 135",274950609
"PS 140",216177493
"PS 146",203898648
"PS 146",205488570
"PS 146",205783020
"PS 146",206293383
"PS 146",207356320
"PS 148Q",216370924
"PS 155",208313791
"PS 183",204077481
"PS 183",204111892
"PS 183",204307284
"PS 183",204620579
"PS 183",204908511
"PS 183",205402845
"PS 183",205782873
"PS 183",206233330
"PS 183",206483307
"PS 183",206483570
"PS 183",206584088
"PS 183",207317348
"PS 183",207317389
"PS 183",207424805
"PS 183",207936675
"PS 183",208313619
"PS 183",208350199
"PS 183",208542514
"PS 183",214950800
"PS 183",223091208
"PS 193K",204319339
"PS 195",207004433
"PS 195",207653635
"PS 197",221195837
"PS 207",204357305
"PS 207",205507817
"PS 207",205531171
"PS 207",207129495
"PS 207",207175928
"PS 207",207176645
"PS 207",207356205
"PS 207",214611071
"PS 208",214478414
"PS 214K",206012874
"PS 214K",207212622
"PS 214K",207275645
"PS 214K",207364373
"PS 214K",208642116
"PS 214K",209970839
"PS 215",205496979
"PS 215",205553829
"PS 215",208314401
"PS 222K",206605115
"PS 223",204037931
"PS 223",204320097
"PS 223",204661185
"PS 223",204907661
"PS 223",204925903
"PS 223",204950216
"PS 223",204950257
"PS 223",204993034
"PS 223",205023062
"PS 223",206186934
"PS 223",206676801
"PS 223",215009622
"PS 223",219974755
"PS 225",203283502
"PS 225",203552351
"PS 225",204067045
"PS 225",205944788
"PS 225",205950470
"PS 225",206707952
"PS 225",207688029
"PS 225",208495127
"PS 229K",204060131
"PS 232",204439988
"PS 232",205055320
"PS 232",205392228
"PS 232",205450653
"PS 232",205632482
"PS 232",205694086
"PS 232",205782188
"PS 232",205830169
"PS 232",205933955
"PS 232",206484560
"PS 232",207129552
"PS 232",207250374
"PS 232",207525593
"PS 232",207647488
"PS 232",207979352
"PS 232",208120345
"PS 232",208186973
"PS 232",208388587
"PS 232",208410985
"PS 232",208452482
"PS 232",208674929
"PS 232",208955682
"PS 232",209181932
"PS 232",209638063
"PS 236K",203722764
"PS 236K",203735568
"PS 236K",203735576
"PS 236K",203774849
"PS 236K",203801576
"PS 236K",204655112
"PS 236K",205338510
"PS 236K",205494933
"PS 236K",205496540
"PS 236K",205497944
"PS 236K",205502081
"PS 236K",205560873
"PS 236K",205858095
"PS 236K",205859291
"PS 236K",206479636
"PS 236K",206605008
"PS 236K",206616211
"PS 236K",206720054
"PS 236K",207085879
"PS 236K",207085895
"PS 236K",207123951
"PS 236K",207123977
"PS 236K",207124371
"PS 236K",207166661
"PS 236K",207166695
"PS 236K",207167339
"PS 236K",207167362
"PS 236K",207239781
"PS 236K",207325432
"PS 236K",207524463
"PS 236K",207662115
"PS 236K",207662552
"PS 236K",207662966
"PS 236K",207728189
"PS 236K",207907106
"PS 24",205550445
"PS 253",204365233
"PS 253",205588056
"PS 253",206374647
"PS 253",206484495
"PS 253",206626574
"PS 253",207819897
"PS 253",208120527
"PS 253",209636786
"PS 253",209744333
"PS 253",215314188
"PS 253",220465801
"PS 254",204052252
"PS 254",207428384
"PS 254",207757402
"PS 254",208249201
"PS 254",208594440
"PS 254",216184341
"PS 277",207445669
"PS 277",207487018
"PS 3",214823742
"PS 312",206960379
"PS 312",207662974
"PS 312",207722034
"PS 312",208283523
"PS 312",208780171
"PS 312",208780189
"PS 312",208932939
"PS 312K",203667787
"PS 312K",203718721
"PS 312K",203790381
"PS 312K",205338627
"PS 321K",205271505
"PS 333",203548003
"PS 333",205254253
"PS 333",205453913
"PS 333",205566656
"PS 333",205629553
"PS 333",206652737
"PS 333",208338087
"PS 333",208694687
"PS 42",203443973
"PS 42",204374680
"PS 42",205523509
"PS 42",205998636
"PS 42",206652919
"PS 42",207390139
"PS 42",208249706
"PS 43",205055577
"PS 43",206483950
"PS 47",205496516
"PS 47",205569874
"PS 47",205902307
"PS 47",206233199
"PS 47",207239807
"PS 47",207276437
"PS 47",207372475
"PS 47",207406885
"PS 47",207424896
"PS 47",207676552
"PS 47",207865247
"PS 47",207909060
"PS 47",207909169
"PS 47",207909227
"PS 47",207909292
"PS 47",207909540
"PS 47",207909607
"PS 47",208872796
"PS 47",214574535
"PS 47",218747483
"PS 47",219974953
"PS 56",203399266
"PS 56",204163257
"PS 56",204285852
"PS 56",205830730
"PS 56",205902976
"PS 56",205950934
"PS 56",206078362
"PS 56",206078925
"PS 56",206079097
"PS 56",206234148
"PS 56",207177429
"PS 56",207356437
"PS 56",207577321
"PS 56",207668052
"PS 56",207669995
"PS 56",207687849
"PS 56",207687930
"PS 56",207687948
"PS 56",207744111
"PS 56",207967787
"PS 56",208338228
"PS 56",208338368
"PS 56",208349712
"PS 56",208349753
"PS 56",208349829
"PS 56",208388686
"PS 56",208423210
"PS 56",208643932
"PS 56",208753467
"PS 56",208819920
"PS 56",208968206
"PS 56",209351535
"PS 60",203491758
"PS 60",203999479
"PS 60",204809909
"PS 60",205403298
"PS 60",205403363
"PS 60",205403405
"PS 60",205637242
"PS 60",207027475
"PS 60",207129511
"PS 60",207185398
"PS 60",208350306
"PS 60",215313834
"PS 62",204350425
"PS 62",204878284
"PS 62",207132663
"PS 62",207726852
"PS 62",207744145
"PS 62",208410530
"PS 62",208849042
"PS 63",204111561
"PS 63",204195499
"PS 63",204226211
"PS 63",204362669
"PS 63",205399884
"PS 63",205488802
"PS 63",206007338
"PS 63",206450843
"PS 63",206451866
"PS 63",207169939
"PS 63",207425190
"PS 63",207658147
"PS 63",207708793
"PS 63",208737163
"PS 63",208790725
"PS 63",214951824
"PS 63",215034117
"PS 64",203932991
"PS 64",204993125
"PS 64",205507551
"PS 64",205455280
"PS 64",205455488
"PS 64",205998834
"PS 64",205999139
"PS 64",206007353
"PS 64",206118911
"PS 64",206599797
"PS 64",207425273
"PS 64",207524745
"PS 64",207816588
"PS 64",208270595
"PS 64",208643841
"PS 64",209420850
"PS 65",204335145
"PS 65",205999113
"PS 65",206100083
"PS 65",215251596
"PS 66",206752313
"PS 66",207803313
"PS 66",208121061
"PS 66",213632367
"PS 66",214575433
"PS 75",208865444
"PS 90",204268742
"PS 90",205367014
"PS 90",205860919
"PS 90",205950892
"PS 90",207027301
"PS 90",274656065
"PS 97",205933690
"PS 97",205933732
"PS 97",205933781
"PS 97",206877672
"PS 97",207276205
"PS 97",207453341
"PS 97",207474578
"PS 97",207779646
"PS 97",208542688
"PS 97",208715904
"PS 97",208736728
"PS 97",208819698
"PS 97",208819847
"PS 97",208819904
"PS 97",208931436
"PS 97",209090844
"PS 97",209402379
"PS 97",215284829
